#,PLAYER,TEAM,GP,MIN,PTS,FGM,FGA,FG%,3PM,3PA,3P%,FTM,FTA,FT%,OREB,DREB,REB,AST,STL,BLK,TOV,EFF,SEASON
1.0,Stephen Curry,GSW,63.0,34.2,32.0,10.4,21.7,48.2,5.3,12.7,42.1,5.7,6.3,91.6,0.5,5.0,5.5,5.8,1.2,0.1,3.4,29.4,2020-21
2.0,Bradley Beal,WAS,60.0,35.8,31.3,11.2,23.0,48.5,2.2,6.2,34.9,6.8,7.7,88.9,1.2,3.5,4.7,4.4,1.2,0.4,3.1,26.1,2020-21
3.0,Damian Lillard,POR,67.0,35.8,28.8,9.0,19.9,45.1,4.1,10.5,39.1,6.7,7.2,92.8,0.5,3.7,4.2,7.5,0.9,0.3,3.0,27.2,2020-21
4.0,Joel Embiid,PHI,51.0,31.1,28.5,9.0,17.6,51.3,1.1,3.0,37.7,9.2,10.7,85.9,2.2,8.4,10.6,2.8,1.0,1.4,3.1,31.0,2020-21
5.0,Giannis Antetokounmpo,MIL,61.0,33.0,28.1,10.3,18.0,56.9,1.1,3.6,30.3,6.5,9.5,68.5,1.6,9.4,11.0,5.9,1.2,1.2,3.4,33.2,2020-21
6.0,Luka Doncic,DAL,66.0,34.3,27.7,9.8,20.5,47.9,2.9,8.3,35.0,5.2,7.1,73.0,0.8,7.2,8.0,8.6,1.0,0.5,4.3,29.0,2020-21
7.0,Zach LaVine,CHI,58.0,35.1,27.4,9.8,19.4,50.7,3.4,8.2,41.9,4.4,5.1,84.9,0.6,4.4,5.0,4.9,0.8,0.5,3.5,24.7,2020-21
8.0,Zion Williamson,NOP,61.0,33.2,27.0,10.4,17.0,61.1,0.2,0.6,29.4,6.0,8.7,69.8,2.7,4.5,7.2,3.7,0.9,0.6,2.7,27.5,2020-21
9.0,Kyrie Irving,BKN,54.0,34.9,26.9,10.2,20.1,50.6,2.8,7.0,40.2,3.7,4.0,92.2,1.0,3.8,4.8,6.0,1.4,0.7,2.4,27.1,2020-21
10.0,Jayson Tatum,BOS,64.0,35.8,26.4,9.5,20.6,45.9,2.9,7.6,38.6,4.6,5.3,86.8,0.8,6.6,7.4,4.3,1.2,0.5,2.7,25.3,2020-21
11.0,Donovan Mitchell,UTA,53.0,33.4,26.4,9.0,20.6,43.8,3.4,8.7,38.6,5.0,6.0,84.5,0.9,3.5,4.4,5.2,1.0,0.3,2.8,22.1,2020-21
12.0,Nikola Jokic,DEN,72.0,34.6,26.4,10.2,18.0,56.6,1.3,3.3,38.8,4.8,5.5,86.8,2.8,8.0,10.8,8.3,1.3,0.7,3.1,35.9,2020-21
13.0,Devin Booker,PHX,67.0,33.9,25.6,9.3,19.2,48.4,1.9,5.5,34.0,5.1,5.9,86.7,0.5,3.7,4.2,4.3,0.8,0.2,3.1,21.3,2020-21
14.0,Trae Young,ATL,63.0,33.7,25.3,7.7,17.7,43.8,2.2,6.3,34.3,7.7,8.7,88.6,0.6,3.3,3.9,9.4,0.8,0.2,4.1,24.6,2020-21
15.0,De'Aaron Fox,SAC,58.0,35.1,25.2,9.1,19.1,47.7,1.8,5.5,32.2,5.2,7.2,71.9,0.6,2.9,3.5,7.2,1.5,0.5,3.0,22.8,2020-21
16.0,Kawhi Leonard,LAC,52.0,34.1,24.8,8.9,17.5,51.2,1.9,4.9,39.8,5.0,5.7,88.5,1.1,5.4,6.5,5.2,1.6,0.4,2.0,27.3,2020-21
17.0,Jaylen Brown,BOS,58.0,34.5,24.7,9.3,19.2,48.4,2.8,7.1,39.7,3.3,4.3,76.4,1.2,4.8,6.0,3.4,1.2,0.6,2.7,22.2,2020-21
18.0,Collin Sexton,CLE,60.0,35.3,24.3,8.8,18.4,47.5,1.6,4.4,37.1,5.2,6.4,81.5,1.0,2.2,3.1,4.4,1.0,0.2,2.8,19.4,2020-21
19.0,Julius Randle,NYK,71.0,37.6,24.1,8.5,18.6,45.6,2.3,5.5,41.1,4.9,6.0,81.1,1.2,9.0,10.2,6.0,0.9,0.3,3.4,26.8,2020-21
20.0,Brandon Ingram,NOP,61.0,34.3,23.8,8.4,18.0,46.6,2.3,6.1,38.1,4.6,5.2,87.8,0.6,4.3,4.9,4.9,0.7,0.6,2.5,22.0,2020-21
21.0,Nikola Vucevic,CHI,70.0,33.5,23.4,9.5,19.9,47.7,2.5,6.3,40.0,1.9,2.2,84.0,2.1,9.6,11.7,3.8,0.9,0.7,1.8,28.0,2020-21
22.0,Paul George,LAC,54.0,33.7,23.3,8.2,17.6,46.7,3.2,7.7,41.1,3.7,4.2,86.8,0.8,5.8,6.6,5.2,1.1,0.4,3.3,23.5,2020-21
23.0,Jerami Grant,DET,54.0,33.9,22.3,7.4,17.3,42.9,2.1,6.1,35.0,5.4,6.4,84.5,0.6,4.0,4.6,2.8,0.6,1.1,2.0,18.6,2020-21
24.0,Russell Westbrook,WAS,65.0,36.4,22.2,8.4,19.0,43.9,1.3,4.2,31.5,4.2,6.4,65.6,1.7,9.9,11.5,11.7,1.4,0.4,4.8,29.6,2020-21
25.0,DeMar DeRozan,SAS,61.0,33.7,21.6,7.5,15.1,49.5,0.3,1.2,25.7,6.3,7.2,88.0,0.7,3.6,4.2,6.9,0.9,0.2,2.0,23.5,2020-21
26.0,Jimmy Butler,MIA,52.0,33.6,21.5,7.0,14.2,49.7,0.5,2.0,24.5,6.9,8.0,86.3,1.8,5.1,6.9,7.1,2.1,0.3,2.1,27.6,2020-21
27.0,Pascal Siakam,TOR,56.0,35.8,21.4,7.8,17.2,45.5,1.3,4.4,29.7,4.4,5.4,82.7,1.7,5.5,7.2,4.5,1.1,0.7,2.3,22.3,2020-21
28.0,Malcolm Brogdon,IND,56.0,34.5,21.2,7.9,17.5,45.3,2.6,6.7,38.8,2.7,3.2,86.4,1.0,4.2,5.3,5.9,0.9,0.3,2.1,21.4,2020-21
29.0,Terry Rozier,CHA,69.0,34.5,20.4,7.4,16.4,45.0,3.2,8.3,38.9,2.4,2.9,81.7,0.7,3.7,4.4,4.2,1.3,0.4,1.9,19.2,2020-21
30.0,Khris Middleton,MIL,68.0,33.4,20.4,7.5,15.8,47.6,2.2,5.4,41.4,3.1,3.5,89.8,0.8,5.2,6.0,5.4,1.1,0.1,2.6,21.8,2020-21
31.0,Domantas Sabonis,IND,62.0,36.0,20.3,7.8,14.6,53.5,0.8,2.6,32.1,3.9,5.3,73.2,2.4,9.5,12.0,6.7,1.2,0.5,3.4,29.1,2020-21
32.0,Fred VanVleet,TOR,52.0,36.5,19.6,6.5,16.7,38.9,3.3,9.2,36.6,3.3,3.7,88.5,0.6,3.6,4.2,6.3,1.7,0.7,1.8,20.0,2020-21
33.0,Tobias Harris,PHI,62.0,32.5,19.5,7.6,14.9,51.2,1.3,3.4,39.4,2.9,3.3,89.2,1.0,5.8,6.8,3.5,0.9,0.8,1.7,22.2,2020-21
34.0,Anthony Edwards,MIN,72.0,32.1,19.3,7.0,16.8,41.7,2.4,7.2,32.9,2.9,3.8,77.6,0.8,3.8,4.7,2.9,1.1,0.5,2.2,15.7,2020-21
35.0,Ja Morant,MEM,63.0,32.6,19.1,6.8,15.2,44.9,1.2,3.8,30.3,4.3,5.9,72.8,0.9,3.1,4.0,7.4,0.9,0.2,3.2,18.4,2020-21
36.0,Michael Porter Jr.,DEN,61.0,31.3,19.0,7.3,13.4,54.2,2.8,6.3,44.5,1.7,2.2,79.1,1.5,5.8,7.3,1.1,0.7,0.9,1.3,21.2,2020-21
37.0,Bam Adebayo,MIA,64.0,33.5,18.7,7.1,12.5,57.0,0.0,0.1,25.0,4.4,5.5,79.9,2.2,6.7,9.0,5.4,1.2,1.0,2.6,26.1,2020-21
38.0,Norman Powell,POR,69.0,32.0,18.6,6.3,13.3,47.7,2.5,6.0,41.1,3.4,3.9,87.1,0.6,2.5,3.1,1.9,1.2,0.3,1.7,15.8,2020-21
39.0,Andrew Wiggins,GSW,71.0,33.3,18.6,7.1,14.9,47.7,2.0,5.2,38.0,2.4,3.4,71.4,1.2,3.7,4.9,2.4,0.9,1.0,1.8,17.2,2020-21
40.0,Jordan Clarkson,UTA,68.0,26.7,18.4,6.7,15.8,42.5,3.1,8.8,34.7,1.9,2.1,89.6,0.7,3.3,4.0,2.5,0.9,0.1,1.7,14.9,2020-21
41.0,Jrue Holiday,MIL,59.0,32.3,17.7,7.0,13.9,50.3,1.9,4.8,39.2,1.8,2.3,78.7,1.2,3.3,4.5,6.1,1.6,0.6,2.2,21.0,2020-21
42.0,John Collins,ATL,63.0,29.3,17.6,6.8,12.2,55.6,1.3,3.3,39.9,2.7,3.2,83.3,1.9,5.5,7.4,1.2,0.5,1.0,1.3,20.5,2020-21
43.0,RJ Barrett,NYK,72.0,34.9,17.6,6.5,14.7,44.1,1.7,4.3,40.1,2.9,3.8,74.6,0.9,4.8,5.8,3.0,0.7,0.3,1.9,16.2,2020-21
44.0,Darius Garland,CLE,54.0,33.1,17.4,6.7,14.9,45.1,1.9,4.9,39.5,2.1,2.4,84.8,0.4,2.0,2.4,6.1,1.2,0.1,3.0,15.7,2020-21
45.0,Dillon Brooks,MEM,67.0,29.8,17.2,6.4,15.4,41.9,1.9,5.6,34.4,2.4,2.9,81.5,0.8,2.1,2.9,2.3,1.2,0.4,1.8,12.7,2020-21
46.0,Jonas Valanciunas,MEM,62.0,28.3,17.1,7.1,12.0,59.2,0.3,0.9,36.8,2.5,3.3,77.3,4.1,8.4,12.5,1.8,0.6,0.9,1.6,25.6,2020-21
47.0,Bojan Bogdanovic,UTA,72.0,30.8,17.0,5.6,12.8,43.9,2.5,6.4,39.0,3.2,3.7,87.9,0.6,3.3,3.9,1.9,0.6,0.1,1.8,14.1,2020-21
48.0,Tim Hardaway Jr.,DAL,70.0,28.4,16.6,5.8,13.0,44.7,3.0,7.6,39.1,2.0,2.5,81.6,0.3,3.0,3.3,1.8,0.4,0.2,0.9,13.7,2020-21
49.0,Buddy Hield,SAC,71.0,34.3,16.6,5.7,14.0,40.6,4.0,10.2,39.1,1.2,1.5,84.6,0.4,4.3,4.7,3.6,0.9,0.4,1.8,15.8,2020-21
50.0,Chris Paul,PHX,70.0,31.4,16.4,6.3,12.6,49.9,1.5,3.7,39.5,2.4,2.6,93.4,0.4,4.1,4.5,8.9,1.4,0.3,2.2,22.8,2020-21
51.0,Mike Conley,UTA,51.0,29.4,16.2,5.6,12.5,44.4,2.7,6.6,41.2,2.4,2.8,85.2,0.7,2.8,3.5,6.0,1.4,0.2,1.9,17.9,2020-21
52.0,Harrison Barnes,SAC,58.0,36.2,16.1,5.5,11.1,49.7,1.7,4.4,39.1,3.4,4.1,83.0,1.1,5.5,6.6,3.5,0.7,0.2,1.6,19.3,2020-21
53.0,LaMelo Ball,CHA,51.0,28.8,15.7,5.7,13.2,43.6,1.8,5.1,35.2,2.5,3.2,75.8,1.2,4.7,5.9,6.1,1.6,0.4,2.8,18.7,2020-21
54.0,Dejounte Murray,SAS,67.0,31.9,15.7,6.6,14.5,45.3,0.9,3.0,31.7,1.6,2.0,79.1,0.9,6.2,7.1,5.4,1.5,0.1,1.7,19.7,2020-21
55.0,Kelly Oubre Jr.,GSW,55.0,30.7,15.4,5.8,13.2,43.9,1.6,5.2,31.6,2.2,3.2,69.5,1.5,4.5,6.0,1.3,1.0,0.8,1.3,14.9,2020-21
56.0,Dennis Schroder,LAL,61.0,32.1,15.4,5.4,12.5,43.7,1.2,3.5,33.5,3.4,4.0,84.8,0.5,3.0,3.5,5.8,1.1,0.2,2.7,15.7,2020-21
57.0,Gary Trent Jr.,TOR,58.0,31.1,15.3,5.5,13.5,40.8,2.8,7.4,38.5,1.4,1.8,78.3,0.5,2.2,2.6,1.4,1.0,0.2,0.7,11.3,2020-21
58.0,Clint Capela,ATL,63.0,30.1,15.2,6.6,11.0,59.4,0.0,0.0,0.0,2.1,3.6,57.3,4.7,9.6,14.3,0.8,0.7,2.0,1.2,25.9,2020-21
59.0,Tyler Herro,MIA,54.0,30.3,15.1,5.7,12.9,43.9,2.0,5.5,36.0,1.7,2.2,80.3,0.5,4.5,5.0,3.4,0.6,0.3,1.9,14.9,2020-21
60.0,Coby White,CHI,69.0,31.2,15.1,5.4,13.1,41.6,2.4,6.6,35.9,1.9,2.1,90.1,0.4,3.7,4.1,4.8,0.6,0.2,2.3,14.6,2020-21
61.0,Devonte' Graham,CHA,55.0,30.2,14.8,4.6,12.2,37.7,3.3,8.7,37.5,2.4,2.9,84.2,0.4,2.3,2.7,5.4,0.9,0.1,1.5,14.3,2020-21
62.0,Lonzo Ball,NOP,55.0,31.8,14.6,5.3,12.7,41.4,3.1,8.3,37.8,0.9,1.2,78.1,0.6,4.2,4.8,5.7,1.5,0.6,2.2,17.2,2020-21
63.0,Kendrick Nunn,MIA,56.0,29.5,14.6,5.7,11.8,48.5,2.2,5.7,38.1,1.0,1.1,93.3,0.4,2.8,3.2,2.6,0.9,0.3,1.4,14.0,2020-21
64.0,Deandre Ayton,PHX,69.0,30.7,14.4,6.2,10.0,62.6,0.1,0.3,20.0,1.9,2.5,76.9,3.3,7.2,10.5,1.4,0.6,1.2,1.5,22.4,2020-21
65.0,Rudy Gobert,UTA,71.0,30.8,14.3,5.5,8.2,67.5,0.0,0.1,0.0,3.3,5.3,62.3,3.4,10.1,13.5,1.3,0.6,2.7,1.7,26.0,2020-21
66.0,Ben Simmons,PHI,58.0,32.4,14.3,5.6,10.1,55.7,0.1,0.2,30.0,3.0,4.9,61.3,1.6,5.6,7.2,6.9,1.6,0.6,3.0,21.3,2020-21
67.0,Richaun Holmes,SAC,61.0,29.2,14.2,6.0,9.4,63.7,0.0,0.2,18.2,2.2,2.8,79.4,2.4,5.9,8.3,1.7,0.6,1.6,1.2,21.1,2020-21
68.0,Joe Harris,BKN,69.0,31.0,14.1,5.2,10.2,50.5,3.1,6.4,47.5,0.7,0.9,77.8,0.6,3.0,3.6,1.9,0.7,0.2,0.9,14.3,2020-21
69.0,Luguentz Dort,OKC,52.0,29.7,14.0,4.8,12.3,38.7,2.2,6.3,34.3,2.3,3.2,74.4,0.7,2.9,3.6,1.7,0.9,0.4,1.5,10.7,2020-21
70.0,Rui Hachimura,WAS,57.0,31.5,13.8,5.4,11.4,47.8,0.8,2.4,32.8,2.2,2.8,77.0,0.9,4.6,5.5,1.4,0.8,0.1,1.2,13.9,2020-21
71.0,Darius Bazley,OKC,55.0,31.2,13.7,5.0,12.5,39.6,1.5,5.2,29.0,2.3,3.2,70.2,0.9,6.3,7.2,1.8,0.5,0.5,2.2,12.9,2020-21
72.0,Chris Boucher,TOR,60.0,24.2,13.6,4.8,9.3,51.4,1.5,3.9,38.3,2.5,3.2,78.8,2.0,4.8,6.7,1.1,0.6,1.9,0.8,17.9,2020-21
73.0,Lauri Markkanen,CHI,51.0,25.8,13.6,4.9,10.2,48.0,2.3,5.8,40.2,1.5,1.8,82.6,0.7,4.6,5.3,0.9,0.5,0.3,1.0,13.9,2020-21
74.0,Doug McDermott,IND,66.0,24.5,13.6,5.4,10.1,53.2,1.7,4.3,38.8,1.2,1.5,81.6,0.9,2.4,3.3,1.3,0.3,0.1,0.8,12.9,2020-21
75.0,Kelly Olynyk,HOU,70.0,28.5,13.5,4.8,10.0,48.4,1.8,5.3,34.2,2.1,2.5,82.9,1.2,5.7,7.0,2.9,1.1,0.6,1.8,17.7,2020-21
76.0,Montrezl Harrell,LAL,69.0,22.9,13.5,5.4,8.7,62.2,0.0,0.1,0.0,2.6,3.7,70.7,2.3,3.9,6.2,1.1,0.7,0.7,1.1,16.7,2020-21
77.0,Mikal Bridges,PHX,72.0,32.6,13.5,5.0,9.3,54.3,1.9,4.4,42.5,1.5,1.8,84.0,1.1,3.2,4.3,2.1,1.1,0.9,0.8,16.5,2020-21
78.0,Marcus Morris Sr.,LAC,57.0,26.4,13.4,4.8,10.2,47.3,2.5,5.2,47.3,1.3,1.6,82.0,0.6,3.5,4.1,1.0,0.6,0.3,1.0,12.7,2020-21
79.0,Carmelo Anthony,POR,69.0,24.5,13.4,4.7,11.3,42.1,1.9,4.7,40.9,2.0,2.2,89.0,0.5,2.6,3.1,1.5,0.7,0.6,0.9,11.6,2020-21
80.0,Josh Jackson,DET,62.0,25.2,13.4,4.8,11.4,41.9,1.2,4.1,30.0,2.6,3.5,72.9,0.9,3.2,4.1,2.3,0.9,0.8,2.3,11.5,2020-21
81.0,Danilo Gallinari,ATL,51.0,24.0,13.3,4.0,9.3,43.4,2.0,5.0,40.6,3.2,3.4,92.5,0.3,3.8,4.1,1.5,0.6,0.2,0.8,13.3,2020-21
82.0,Duncan Robinson,MIA,72.0,31.4,13.1,4.4,10.0,43.9,3.5,8.5,40.8,0.9,1.0,82.7,0.1,3.4,3.5,1.8,0.6,0.3,1.1,12.3,2020-21
83.0,Tyrese Haliburton,SAC,58.0,30.1,13.0,5.0,10.7,47.2,2.1,5.1,40.9,0.8,1.0,85.7,0.7,2.3,3.0,5.3,1.3,0.5,1.6,15.7,2020-21
84.0,Shake Milton,PHI,63.0,23.2,13.0,4.8,10.6,45.0,1.1,3.2,35.0,2.3,2.8,83.0,0.5,1.8,2.3,3.1,0.6,0.3,1.6,11.3,2020-21
85.0,P.J. Washington,CHA,64.0,30.5,12.9,4.7,10.7,44.0,1.8,4.5,38.6,1.7,2.3,74.5,1.5,5.1,6.5,2.5,1.1,1.2,2.0,15.7,2020-21
86.0,Kyle Kuzma,LAL,68.0,28.7,12.9,4.9,11.1,44.3,2.0,5.6,36.1,1.0,1.4,69.1,1.6,4.5,6.1,1.9,0.5,0.6,1.7,13.7,2020-21
87.0,Jarrett Allen,CLE,63.0,29.6,12.8,4.7,7.7,61.8,0.1,0.3,31.6,3.2,4.6,70.3,3.1,6.9,10.0,1.7,0.5,1.4,1.6,20.6,2020-21
88.0,Keldon Johnson,SAS,69.0,28.5,12.8,4.9,10.2,47.9,0.9,2.6,33.1,2.1,2.8,74.0,1.3,4.6,6.0,1.8,0.6,0.3,1.1,14.2,2020-21
89.0,Miles Bridges,CHA,66.0,29.3,12.7,4.7,9.4,50.3,1.8,4.4,40.0,1.5,1.7,86.7,1.2,4.8,6.0,2.2,0.7,0.8,1.6,15.9,2020-21
90.0,Will Barton,DEN,56.0,31.0,12.7,4.6,10.9,42.6,1.8,4.6,38.1,1.7,2.2,78.5,0.7,3.3,4.0,3.2,0.9,0.4,1.7,12.9,2020-21
91.0,Jalen Brunson,DAL,68.0,25.0,12.6,4.8,9.2,52.3,1.2,2.9,40.5,1.8,2.2,79.5,0.4,3.0,3.4,3.5,0.5,0.0,1.2,14.0,2020-21
92.0,Seth Curry,PHI,57.0,28.7,12.5,4.5,9.7,46.7,2.2,4.9,45.0,1.2,1.4,89.6,0.2,2.2,2.4,2.7,0.8,0.1,1.1,12.1,2020-21
93.0,Kyle Anderson,MEM,69.0,27.3,12.4,4.5,9.5,46.8,1.4,3.8,36.0,2.1,2.7,78.3,0.8,5.0,5.7,3.6,1.2,0.8,1.2,16.9,2020-21
94.0,Brook Lopez,MIL,70.0,27.2,12.3,4.6,9.1,50.3,1.4,4.0,33.8,1.7,2.0,84.5,1.5,3.5,5.0,0.7,0.6,1.5,0.9,14.2,2020-21
95.0,Saddiq Bey,DET,70.0,27.3,12.2,4.0,9.9,40.4,2.5,6.6,38.0,1.8,2.1,84.4,0.6,3.9,4.5,1.4,0.7,0.2,0.9,12.0,2020-21
96.0,Eric Bledsoe,NOP,71.0,29.7,12.2,4.3,10.3,42.1,1.7,5.0,34.1,1.9,2.7,68.7,0.4,3.0,3.4,3.8,0.8,0.3,1.6,12.1,2020-21
97.0,Josh Richardson,DAL,59.0,30.3,12.1,4.5,10.5,42.7,1.5,4.5,33.0,1.7,1.8,91.7,0.9,2.4,3.3,2.6,1.0,0.4,1.3,12.0,2020-21
98.0,Thaddeus Young,CHI,68.0,24.3,12.1,5.4,9.7,55.9,0.2,0.7,26.7,1.0,1.7,62.8,2.5,3.8,6.2,4.3,1.1,0.6,2.0,17.4,2020-21
99.0,Joe Ingles,UTA,67.0,27.9,12.1,4.1,8.4,48.9,2.7,6.1,45.1,1.1,1.3,84.4,0.4,3.2,3.6,4.7,0.7,0.2,1.7,15.1,2020-21
100.0,Jordan Poole,GSW,51.0,19.4,12.0,4.0,9.3,43.2,1.9,5.4,35.1,2.1,2.3,88.2,0.3,1.5,1.8,1.9,0.5,0.2,1.0,9.9,2020-21
101.0,Kevin Huerter,ATL,69.0,30.8,11.9,4.6,10.6,43.2,2.0,5.6,36.3,0.7,0.9,78.1,0.6,2.8,3.3,3.5,1.2,0.3,1.1,12.8,2020-21
102.0,Hamidou Diallo,DET,52.0,23.6,11.6,4.3,9.0,47.7,0.5,1.6,34.1,2.5,3.8,64.0,1.1,4.1,5.2,1.9,0.8,0.5,1.5,12.5,2020-21
103.0,Davis Bertans,WAS,57.0,25.7,11.5,3.4,8.4,40.4,3.0,7.5,39.5,1.8,2.0,87.0,0.3,2.6,2.9,0.9,0.6,0.2,0.6,10.3,2020-21
104.0,Bobby Portis,MIL,66.0,20.8,11.4,4.7,9.1,52.3,1.1,2.4,47.1,0.8,1.1,74.0,1.9,5.2,7.1,1.1,0.8,0.4,0.8,15.3,2020-21
105.0,Immanuel Quickley,NYK,64.0,19.4,11.4,3.6,9.1,39.5,1.8,4.7,38.9,2.4,2.7,89.1,0.4,1.8,2.1,2.0,0.5,0.2,0.9,9.5,2020-21
106.0,Rudy Gay,SAS,63.0,21.6,11.4,4.2,10.0,42.0,1.7,4.4,38.1,1.3,1.6,80.4,0.7,4.1,4.8,1.4,0.7,0.6,1.0,11.8,2020-21
107.0,Lou Williams,ATL,66.0,21.6,11.3,4.0,9.8,41.0,1.0,2.6,39.9,2.3,2.6,86.7,0.3,1.8,2.1,3.4,0.7,0.1,1.6,9.9,2020-21
108.0,Jae'Sean Tate,HOU,70.0,29.2,11.3,4.5,8.9,50.6,0.9,2.8,30.8,1.5,2.1,69.4,1.9,3.5,5.3,2.5,1.2,0.5,1.4,14.5,2020-21
109.0,Wendell Carter Jr.,ORL,54.0,25.5,11.2,4.3,8.5,50.3,0.3,0.9,29.4,2.4,3.3,73.2,2.4,5.8,8.2,1.9,0.6,0.8,1.4,16.2,2020-21
110.0,Naz Reid,MIN,70.0,19.2,11.2,4.3,8.3,52.3,0.9,2.5,35.1,1.6,2.4,69.3,1.2,3.4,4.6,1.0,0.5,1.1,1.0,12.7,2020-21
111.0,Enes Freedom,POR,72.0,24.4,11.2,4.7,7.8,60.4,0.0,0.1,25.0,1.8,2.3,77.4,3.9,7.1,11.0,1.2,0.5,0.7,1.1,19.8,2020-21
112.0,Lonnie Walker IV,SAS,60.0,25.4,11.2,4.3,10.2,42.0,1.7,4.7,35.5,1.0,1.2,81.4,0.2,2.4,2.6,1.7,0.5,0.3,1.1,9.0,2020-21
113.0,Jeff Green,BKN,68.0,27.0,11.0,3.8,7.8,49.2,1.5,3.7,41.2,1.8,2.4,77.6,0.5,3.4,3.9,1.6,0.5,0.4,0.8,12.1,2020-21
114.0,Dwayne Bacon,ORL,72.0,25.7,10.9,4.1,10.1,40.2,0.8,2.9,28.5,2.0,2.4,82.4,0.4,2.7,3.1,1.3,0.6,0.1,0.6,8.9,2020-21
115.0,Reggie Bullock Jr.,NYK,65.0,30.0,10.9,3.8,8.6,44.2,2.5,6.1,41.0,0.8,0.8,90.9,0.2,3.2,3.4,1.5,0.8,0.2,0.7,11.2,2020-21
116.0,Patty Mills,SAS,68.0,24.8,10.8,3.7,9.0,41.2,2.4,6.3,37.5,1.0,1.1,91.0,0.3,1.4,1.7,2.4,0.6,0.0,1.0,9.2,2020-21
117.0,Reggie Jackson,LAC,67.0,23.0,10.7,3.9,8.7,45.0,1.8,4.2,43.3,1.0,1.2,81.7,0.4,2.5,2.9,3.1,0.6,0.1,1.1,11.2,2020-21
118.0,Justin Holiday,IND,72.0,30.3,10.5,3.6,8.7,41.3,2.4,6.3,38.2,0.9,1.2,78.8,0.4,3.1,3.6,1.7,1.0,0.6,0.8,11.2,2020-21
119.0,Donte DiVincenzo,MIL,66.0,27.5,10.4,3.8,9.1,42.0,2.0,5.2,37.9,0.8,1.1,71.8,1.2,4.5,5.8,3.1,1.1,0.2,1.4,13.6,2020-21
120.0,Cedi Osman,CLE,59.0,25.6,10.4,3.7,9.9,37.4,1.7,5.5,30.6,1.3,1.6,80.0,0.6,2.8,3.4,2.9,0.9,0.2,1.4,9.9,2020-21
121.0,Mason Plumlee,DET,56.0,26.8,10.4,4.2,6.8,61.4,0.0,0.1,0.0,2.0,3.0,66.9,2.6,6.7,9.3,3.6,0.8,0.9,1.9,19.4,2020-21
122.0,Brandon Clarke,MEM,59.0,24.0,10.3,4.3,8.4,51.7,0.3,1.3,26.0,1.3,1.9,69.0,1.6,3.9,5.6,1.6,1.0,0.9,0.6,14.2,2020-21
123.0,Delon Wright,SAC,63.0,27.7,10.2,3.8,8.2,46.3,1.0,2.7,37.2,1.6,2.0,80.2,1.0,3.2,4.3,4.4,1.6,0.5,1.3,14.9,2020-21
124.0,Elfrid Payton,NYK,63.0,23.6,10.1,4.3,9.9,43.2,0.4,1.6,28.6,1.2,1.7,68.2,1.0,2.4,3.4,3.2,0.7,0.1,1.6,9.9,2020-21
125.0,Theo Maledon,OKC,65.0,27.4,10.1,3.5,9.4,36.8,1.6,4.8,33.5,1.6,2.1,74.8,0.4,2.9,3.2,3.5,0.9,0.2,2.2,9.2,2020-21
126.0,Jae Crowder,PHX,60.0,27.5,10.1,3.3,8.2,40.4,2.5,6.3,38.9,1.0,1.3,76.0,0.5,4.2,4.7,2.1,0.8,0.5,0.9,12.0,2020-21
127.0,Bryn Forbes,MIL,70.0,19.3,10.0,3.6,7.6,47.3,2.2,4.9,45.2,0.7,0.9,77.0,0.2,1.4,1.6,0.6,0.3,0.0,0.6,7.8,2020-21
128.0,Dorian Finney-Smith,DAL,60.0,32.0,9.8,3.7,7.8,47.2,2.0,5.0,39.4,0.5,0.7,75.6,1.6,3.8,5.4,1.7,0.9,0.4,0.8,13.2,2020-21
129.0,Kentavious Caldwell-Pope,LAL,67.0,28.4,9.7,3.3,7.6,43.1,1.8,4.4,41.0,1.4,1.7,86.6,0.4,2.3,2.7,1.9,0.9,0.4,1.0,10.1,2020-21
130.0,Daniel Theis,CHI,65.0,24.6,9.6,3.9,7.2,54.1,0.8,2.3,32.2,1.1,1.7,67.3,1.4,4.0,5.5,1.7,0.6,0.9,1.0,13.4,2020-21
131.0,Isaac Okoro,CLE,67.0,32.4,9.6,3.5,8.3,42.0,0.9,3.2,29.0,1.7,2.3,72.6,1.0,2.1,3.1,1.9,0.9,0.4,1.3,9.1,2020-21
132.0,Cameron Johnson,PHX,60.0,24.0,9.6,3.4,8.1,42.0,2.0,5.6,34.9,0.8,1.0,84.7,0.6,2.8,3.3,1.4,0.6,0.3,0.7,9.7,2020-21
133.0,Danny Green,PHI,69.0,28.0,9.5,3.2,7.9,41.2,2.5,6.3,40.5,0.4,0.6,77.5,0.8,3.0,3.8,1.7,1.3,0.8,1.0,11.4,2020-21
134.0,Landry Shamet,BKN,61.0,23.0,9.3,3.0,7.5,40.8,2.1,5.5,38.7,1.1,1.3,84.6,0.2,1.7,1.8,1.6,0.5,0.2,0.8,8.0,2020-21
135.0,Patrick Williams,CHI,71.0,27.9,9.2,3.6,7.4,48.3,0.8,1.9,39.1,1.3,1.8,72.8,0.9,3.7,4.6,1.4,0.9,0.6,1.4,11.1,2020-21
136.0,Desmond Bane,MEM,68.0,22.3,9.2,3.4,7.3,46.9,1.7,4.0,43.2,0.6,0.7,81.6,0.5,2.6,3.1,1.7,0.6,0.2,0.9,10.0,2020-21
137.0,Furkan Korkmaz,PHI,55.0,19.3,9.1,3.1,7.7,40.1,1.8,4.9,37.5,1.1,1.5,73.2,0.3,1.7,2.1,1.5,0.9,0.2,0.8,7.9,2020-21
138.0,De'Anthony Melton,MEM,52.0,20.1,9.1,3.3,7.6,43.8,1.7,4.1,41.2,0.8,1.0,80.4,0.6,2.5,3.1,2.5,1.2,0.6,1.3,10.8,2020-21
139.0,Robin Lopez,WAS,71.0,19.1,9.0,3.8,6.0,63.3,0.1,0.3,27.8,1.4,1.9,72.3,2.0,1.8,3.8,0.8,0.2,0.6,1.1,10.7,2020-21
140.0,Ivica Zubac,LAC,72.0,22.3,9.0,3.6,5.5,65.2,0.0,0.1,25.0,1.9,2.4,78.9,2.6,4.6,7.2,1.3,0.3,0.9,1.1,15.2,2020-21
141.0,Talen Horton-Tucker,LAL,65.0,20.1,9.0,3.4,7.5,45.8,0.6,2.0,28.2,1.5,2.0,77.5,0.4,2.2,2.6,2.8,1.0,0.3,1.6,9.5,2020-21
142.0,Paul Millsap,DEN,56.0,20.8,9.0,3.4,7.2,47.6,0.9,2.6,34.3,1.3,1.8,72.4,1.4,3.3,4.7,1.8,0.9,0.6,0.9,11.8,2020-21
143.0,Bruce Brown,BKN,65.0,22.3,8.8,3.6,6.5,55.6,0.3,0.9,28.8,1.3,1.8,73.5,1.7,3.7,5.4,1.6,0.9,0.4,0.8,12.9,2020-21
144.0,Isaiah Roby,OKC,61.0,23.4,8.7,3.4,7.0,48.3,0.5,1.8,29.4,1.4,1.9,74.4,1.5,4.1,5.6,1.8,0.9,0.6,1.9,11.6,2020-21
144.0,Terence Davis,SAC,61.0,17.6,8.7,3.2,7.5,42.8,1.6,4.4,36.7,0.7,0.9,81.8,0.3,2.2,2.5,1.4,0.7,0.2,1.0,8.1,2020-21
146.0,Raul Neto,WAS,64.0,21.9,8.7,3.3,7.0,46.8,1.0,2.6,39.0,1.2,1.3,88.2,0.4,2.0,2.4,2.3,1.1,0.1,0.8,10.0,2020-21
147.0,T.J. McConnell,IND,69.0,26.0,8.6,4.0,7.1,55.9,0.2,0.7,31.3,0.5,0.7,68.8,0.8,2.9,3.7,6.6,1.9,0.3,2.0,15.8,2020-21
148.0,Jakob Poeltl,SAS,69.0,26.7,8.6,3.8,6.2,61.6,0.0,0.0,0.0,0.9,1.8,50.8,3.2,4.8,7.9,1.9,0.7,1.8,1.2,16.4,2020-21
149.0,Ricky Rubio,MIN,68.0,26.1,8.6,2.8,7.3,38.8,1.0,3.1,30.8,1.9,2.2,86.7,0.4,2.9,3.3,6.4,1.4,0.1,1.6,13.3,2020-21
150.0,Robert Covington,POR,70.0,32.0,8.5,2.9,7.3,40.1,1.9,5.1,37.9,0.7,0.9,80.6,0.9,5.8,6.7,1.7,1.4,1.2,0.9,14.0,2020-21
151.0,Svi Mykhailiuk,OKC,66.0,20.1,8.5,3.2,7.7,41.1,1.6,4.8,33.4,0.6,0.8,76.0,0.4,2.1,2.5,1.7,0.8,0.2,1.3,7.5,2020-21
152.0,Cameron Payne,PHX,60.0,18.0,8.4,3.2,6.6,48.4,1.2,2.8,44.0,0.8,0.9,89.3,0.3,2.1,2.4,3.6,0.6,0.3,1.0,10.8,2020-21
153.0,Luke Kennard,LAC,63.0,19.6,8.3,3.1,6.6,47.6,1.6,3.6,44.6,0.4,0.5,83.9,0.2,2.3,2.6,1.7,0.4,0.1,0.8,8.7,2020-21
154.0,Cory Joseph,DET,63.0,23.0,8.2,3.2,6.8,46.9,0.7,2.1,34.1,1.1,1.4,81.8,0.6,2.0,2.5,3.4,1.0,0.3,1.3,10.3,2020-21
155.0,Sterling Brown,HOU,51.0,24.1,8.2,2.9,6.6,44.8,1.8,4.2,42.3,0.5,0.6,80.6,0.7,3.6,4.4,1.4,0.7,0.2,0.8,10.4,2020-21
156.0,JaMychal Green,DEN,58.0,19.3,8.1,3.0,6.4,46.3,1.4,3.4,39.9,0.8,1.0,80.7,1.5,3.3,4.8,0.9,0.4,0.4,0.9,10.1,2020-21
157.0,Nicolas Batum,LAC,67.0,27.4,8.1,2.9,6.1,46.4,1.6,4.1,40.4,0.7,0.9,82.8,0.7,4.0,4.7,2.2,1.0,0.6,0.8,12.3,2020-21
158.0,Robert Williams III,BOS,52.0,18.9,8.0,3.6,5.0,72.1,0.0,0.0,0.0,0.9,1.4,61.6,2.6,4.3,6.9,1.8,0.8,1.8,1.0,16.4,2020-21
159.0,Tyrese Maxey,PHI,61.0,15.3,8.0,3.2,7.0,46.2,0.5,1.7,30.1,1.0,1.1,87.1,0.2,1.5,1.7,2.0,0.4,0.2,0.7,7.7,2020-21
160.0,Kenrich Williams,OKC,66.0,21.6,8.0,3.3,6.2,53.3,0.8,1.8,44.4,0.5,1.0,57.1,1.3,2.9,4.1,2.3,0.8,0.3,1.2,11.0,2020-21
161.0,Isaiah Stewart,DET,68.0,21.4,7.9,3.3,6.0,55.3,0.3,0.9,33.3,0.9,1.4,69.6,2.3,4.3,6.7,0.9,0.6,1.3,1.0,13.2,2020-21
162.0,Anfernee Simons,POR,64.0,17.3,7.8,2.6,6.3,41.9,1.9,4.4,42.6,0.7,0.9,80.7,0.2,2.0,2.2,1.4,0.3,0.1,0.7,7.3,2020-21
163.0,Payton Pritchard,BOS,66.0,19.2,7.7,2.8,6.3,44.0,1.5,3.8,41.1,0.6,0.7,88.9,0.5,1.9,2.4,1.8,0.6,0.1,0.8,8.2,2020-21
164.0,Tomas Satoransky,CHI,58.0,22.5,7.7,2.9,5.7,51.4,0.7,2.0,35.6,1.2,1.4,84.8,0.5,1.9,2.4,4.7,0.7,0.2,1.7,11.1,2020-21
165.0,D.J. Augustin,HOU,57.0,19.8,7.7,2.4,6.0,39.4,1.5,3.8,38.2,1.5,1.6,90.4,0.4,1.3,1.6,3.3,0.5,0.0,1.1,8.2,2020-21
166.0,Ben McLemore,LAL,53.0,17.1,7.7,2.5,6.9,37.0,1.8,5.3,34.6,0.7,1.0,73.6,0.3,1.6,1.9,0.7,0.4,0.2,0.8,5.5,2020-21
167.0,Tristan Thompson,BOS,54.0,23.8,7.6,3.1,6.0,51.8,0.0,0.1,0.0,1.3,2.2,59.2,3.1,5.0,8.1,1.2,0.4,0.6,1.1,13.0,2020-21
168.0,Garrett Temple,CHI,56.0,27.3,7.6,2.8,6.8,41.5,1.2,3.6,33.5,0.7,0.9,80.0,0.5,2.3,2.9,2.2,0.8,0.5,1.0,8.7,2020-21
169.0,Steven Adams,NOP,58.0,27.7,7.6,3.3,5.3,61.4,0.0,0.1,0.0,1.0,2.3,44.4,3.7,5.2,8.9,1.9,0.9,0.7,1.3,15.2,2020-21
170.0,Edmond Sumner,IND,53.0,16.2,7.5,2.8,5.3,52.5,0.7,1.7,39.8,1.3,1.6,81.9,0.3,1.4,1.8,0.9,0.6,0.2,1.0,7.3,2020-21
171.0,Jaxson Hayes,NOP,60.0,16.1,7.5,2.9,4.7,62.5,0.1,0.2,42.9,1.6,2.0,77.5,1.5,2.8,4.3,0.6,0.4,0.6,0.7,10.6,2020-21
172.0,DeAndre Jordan,BKN,57.0,21.9,7.5,3.3,4.4,76.3,0.0,0.0,0.0,0.8,1.6,50.0,2.1,5.4,7.5,1.6,0.3,1.1,1.5,14.7,2020-21
173.0,James Johnson,NOP,51.0,20.5,7.2,2.9,6.4,44.6,0.6,2.4,25.8,0.9,1.5,59.2,0.6,2.8,3.5,1.9,0.8,0.8,1.1,9.0,2020-21
174.0,Juancho Hernangomez,MIN,52.0,17.3,7.2,2.5,5.8,43.5,1.1,3.2,32.7,1.2,1.9,61.9,0.9,3.1,3.9,0.7,0.4,0.1,0.5,7.8,2020-21
175.0,Aaron Holiday,IND,66.0,17.8,7.2,2.6,6.6,39.0,1.0,2.8,36.8,1.0,1.3,81.9,0.2,1.1,1.3,1.9,0.7,0.2,1.0,6.0,2020-21
176.0,Khem Birch,TOR,67.0,22.8,7.2,2.8,5.7,49.7,0.2,0.8,25.0,1.4,1.9,70.5,2.6,3.2,5.8,1.3,0.7,0.7,0.7,11.7,2020-21
177.0,Kent Bazemore,GSW,67.0,19.9,7.2,2.6,5.9,44.9,1.1,2.7,40.8,0.8,1.2,69.2,0.4,3.0,3.4,1.6,1.0,0.5,1.2,8.9,2020-21
178.0,Draymond Green,GSW,63.0,31.5,7.0,2.7,6.0,44.7,0.5,2.0,27.0,1.1,1.4,79.5,0.9,6.2,7.1,8.9,1.7,0.8,3.0,18.9,2020-21
179.0,Terance Mann,LAC,67.0,18.9,7.0,2.7,5.2,50.9,0.6,1.4,41.8,1.2,1.4,83.0,0.8,2.8,3.6,1.6,0.4,0.2,0.6,9.4,2020-21
180.0,Daniel Gafford,WAS,54.0,14.6,7.0,2.9,4.2,68.4,0.0,0.0,0.0,1.3,2.0,66.7,1.7,2.5,4.3,0.5,0.5,1.4,0.8,11.0,2020-21
181.0,Royce O'Neale,UTA,71.0,31.5,7.0,2.5,5.5,44.4,1.5,3.9,38.5,0.5,0.6,84.8,1.2,5.6,6.8,2.5,0.8,0.5,1.2,13.3,2020-21
182.0,Dwight Howard,PHI,69.0,17.3,7.0,2.6,4.4,58.7,0.1,0.3,25.0,1.8,3.0,57.6,2.8,5.7,8.4,0.9,0.4,0.9,1.6,12.9,2020-21
183.0,Georges Niang,UTA,72.0,16.0,6.9,2.5,5.6,43.7,1.7,4.1,42.5,0.3,0.3,95.7,0.4,2.1,2.4,0.8,0.3,0.1,0.7,6.8,2020-21
184.0,R.J. Hampton,ORL,51.0,17.4,6.9,2.7,6.1,43.5,0.5,1.7,31.0,1.1,1.6,67.1,0.6,2.9,3.5,1.7,0.4,0.2,1.0,7.7,2020-21
185.0,Derrick Jones Jr.,POR,58.0,22.7,6.8,2.5,5.2,48.4,0.7,2.3,31.6,1.0,1.6,64.8,1.3,2.2,3.5,0.8,0.6,0.9,0.6,8.9,2020-21
186.0,Pat Connaughton,MIL,69.0,22.8,6.8,2.4,5.6,43.4,1.5,3.9,37.1,0.4,0.6,77.5,0.9,3.9,4.8,1.2,0.7,0.3,0.5,10.0,2020-21
187.0,Jaden McDaniels,MIN,63.0,24.0,6.8,2.6,5.8,44.7,1.1,3.1,36.4,0.4,0.7,60.0,0.8,2.9,3.7,1.1,0.6,1.0,0.7,8.8,2020-21
188.0,Jeff Teague,MIL,55.0,17.3,6.7,2.2,5.2,43.3,0.7,1.5,43.9,1.6,1.9,84.8,0.3,1.3,1.6,2.4,0.6,0.2,1.2,7.2,2020-21
189.0,Markieff Morris,LAL,61.0,19.7,6.7,2.5,6.2,40.5,1.1,3.4,31.1,0.6,0.8,72.0,0.8,3.6,4.4,1.2,0.4,0.3,0.9,8.1,2020-21
190.0,Trey Burke,DAL,62.0,14.7,6.6,2.4,5.7,42.8,0.9,2.6,35.4,0.8,0.9,89.5,0.2,0.7,0.9,1.3,0.6,0.1,0.5,5.6,2020-21
191.0,Xavier Tillman,MEM,59.0,18.4,6.6,2.8,5.1,55.9,0.4,1.1,33.8,0.6,0.9,64.2,1.3,3.1,4.3,1.3,0.7,0.6,0.8,10.2,2020-21
192.0,Alex Len,WAS,64.0,15.3,6.6,2.7,4.3,61.5,0.1,0.4,32.0,1.1,1.8,62.9,1.2,2.8,4.1,0.8,0.3,1.0,0.9,9.5,2020-21
193.0,Denzel Valentine,CHI,62.0,16.7,6.5,2.5,6.7,37.3,1.3,3.9,33.1,0.3,0.3,94.1,0.4,2.8,3.2,1.7,0.5,0.1,0.7,7.1,2020-21
194.0,Damion Lee,GSW,57.0,18.9,6.5,2.2,4.8,46.7,1.4,3.4,39.7,0.7,0.8,90.9,0.4,2.8,3.2,1.3,0.7,0.1,0.5,8.6,2020-21
195.0,Alex Caruso,LAL,58.0,21.0,6.4,2.3,5.3,43.6,0.9,2.4,40.1,0.8,1.3,64.5,0.5,2.4,2.9,2.8,1.1,0.3,1.3,8.7,2020-21
195.0,Timothe Luwawu-Cabarrot,BKN,58.0,18.1,6.4,2.2,6.1,36.5,1.3,4.1,31.4,0.6,0.7,81.4,0.5,1.7,2.2,1.2,0.6,0.1,0.7,5.7,2020-21
197.0,Kira Lewis Jr.,NOP,54.0,16.7,6.4,2.4,6.2,38.6,0.7,2.2,33.3,0.8,0.9,84.3,0.2,1.1,1.3,2.3,0.7,0.2,0.6,6.2,2020-21
198.0,Deni Avdija,WAS,54.0,23.3,6.3,2.4,5.8,41.7,1.0,3.1,31.5,0.5,0.8,64.4,0.4,4.4,4.9,1.2,0.6,0.3,0.6,8.9,2020-21
199.0,Tyus Jones,MEM,70.0,17.5,6.3,2.5,5.9,43.1,0.6,2.0,32.1,0.6,0.6,91.1,0.3,1.7,2.0,3.7,0.9,0.1,0.7,8.9,2020-21
200.0,Aron Baynes,TOR,53.0,18.5,6.1,2.5,5.7,44.1,0.5,1.9,26.2,0.5,0.8,70.7,1.6,3.5,5.2,0.9,0.3,0.4,0.9,8.6,2020-21
201.0,Facundo Campazzo,DEN,65.0,21.9,6.1,1.8,4.8,38.1,1.2,3.3,35.2,1.2,1.4,87.9,0.3,1.7,2.1,3.6,1.2,0.2,1.1,8.9,2020-21
202.0,Dean Wade,CLE,63.0,19.2,6.0,2.1,4.9,43.1,1.2,3.4,36.6,0.5,0.6,76.9,0.6,2.8,3.4,1.2,0.6,0.3,0.5,8.0,2020-21
203.0,Dwight Powell,DAL,58.0,16.7,5.9,2.1,3.3,61.9,0.1,0.4,23.8,1.7,2.1,78.2,1.4,2.7,4.0,1.1,0.6,0.5,0.7,9.7,2020-21
204.0,Drew Eubanks,SAS,54.0,14.0,5.8,2.1,3.8,56.6,0.0,0.0,100.0,1.4,2.0,72.6,1.4,3.1,4.5,0.8,0.3,0.9,0.8,9.2,2020-21
205.0,DeAndre' Bembry,TOR,51.0,19.1,5.7,2.3,4.5,51.3,0.3,1.0,26.4,0.9,1.3,68.2,0.6,2.2,2.9,2.1,1.0,0.4,1.4,8.1,2020-21
206.0,Juan Toscano-Anderson,GSW,53.0,20.9,5.7,2.3,3.9,57.9,0.7,1.7,40.2,0.4,0.6,71.0,0.5,3.9,4.4,2.8,0.8,0.5,1.2,11.2,2020-21
207.0,Mychal Mulder,GSW,60.0,12.8,5.6,2.0,4.4,44.9,1.4,3.6,39.7,0.2,0.4,63.6,0.1,0.9,1.0,0.4,0.2,0.2,0.3,4.6,2020-21
208.0,Garrison Mathews,WAS,64.0,16.2,5.5,1.5,3.7,40.9,1.2,3.1,38.4,1.3,1.5,88.4,0.3,1.1,1.4,0.4,0.5,0.1,0.2,5.3,2020-21
209.0,Brad Wanamaker,CHA,61.0,17.3,5.5,1.9,4.9,38.5,0.3,1.4,18.8,1.5,1.7,89.1,0.3,1.4,1.7,2.9,0.7,0.2,1.2,6.6,2020-21
210.0,Devin Vassell,SAS,62.0,17.0,5.5,2.0,4.9,40.6,0.8,2.4,34.7,0.7,0.8,84.3,0.4,2.4,2.8,0.9,0.7,0.3,0.4,6.8,2020-21
211.0,Derrick Favors,UTA,68.0,15.3,5.4,2.3,3.6,63.8,0.0,0.0,0.0,0.9,1.2,73.8,2.0,3.5,5.5,0.6,0.5,1.0,0.5,10.9,2020-21
212.0,Jarred Vanderbilt,MIN,64.0,17.8,5.4,2.2,3.7,60.6,0.0,0.1,20.0,0.9,1.6,55.9,1.8,3.9,5.8,1.2,1.0,0.7,0.8,11.0,2020-21
213.0,Josh Okogie,MIN,59.0,20.3,5.4,1.7,4.3,40.2,0.5,1.8,26.9,1.4,1.8,76.9,1.1,1.6,2.6,1.1,0.9,0.5,0.7,6.7,2020-21
214.0,Willie Cauley-Stein,DAL,53.0,17.1,5.3,2.2,3.4,63.2,0.0,0.2,9.1,0.9,1.5,62.8,1.2,3.2,4.5,0.7,0.4,0.8,0.5,9.2,2020-21
215.0,Sekou Doumbouya,DET,56.0,15.5,5.1,1.9,5.0,37.9,0.5,2.1,22.6,0.8,1.1,70.3,0.7,1.9,2.6,0.8,0.4,0.2,0.8,4.8,2020-21
216.0,Nerlens Noel,NYK,64.0,24.2,5.1,2.1,3.5,61.4,0.0,0.0,0.0,0.8,1.1,71.4,2.2,4.1,6.4,0.7,1.1,2.2,1.0,12.8,2020-21
217.0,Marc Gasol,LAL,52.0,19.1,5.0,1.7,3.7,45.4,1.0,2.3,41.0,0.7,1.0,72.0,0.7,3.4,4.1,2.1,0.5,1.1,1.0,9.6,2020-21
218.0,Jordan McLaughlin,MIN,51.0,18.4,5.0,2.0,4.7,41.3,0.6,1.8,35.9,0.5,0.6,76.7,0.4,1.7,2.1,3.8,1.0,0.1,1.0,8.1,2020-21
219.0,Bismack Biyombo,CHA,66.0,20.4,5.0,2.2,3.7,58.7,0.0,0.0,0.0,0.7,1.6,44.8,2.1,3.2,5.3,1.2,0.3,1.1,1.1,9.4,2020-21
220.0,Precious Achiuwa,MIA,61.0,12.1,5.0,2.0,3.7,54.4,0.0,0.0,0.0,0.9,1.8,50.9,1.2,2.2,3.4,0.5,0.3,0.5,0.7,6.4,2020-21
221.0,Caleb Martin,CHA,53.0,15.4,5.0,1.8,4.8,37.5,0.6,2.4,24.8,0.8,1.2,64.1,0.6,2.1,2.7,1.3,0.7,0.2,0.6,5.8,2020-21
222.0,Wesley Matthews,LAL,58.0,19.5,4.8,1.5,4.3,35.3,1.1,3.4,33.5,0.6,0.7,85.4,0.3,1.3,1.6,0.9,0.7,0.3,0.4,4.9,2020-21
223.0,Grant Williams,BOS,63.0,18.1,4.7,1.7,3.9,43.7,0.8,2.0,37.2,0.5,0.8,58.8,0.8,2.1,2.8,1.0,0.5,0.4,0.9,6.0,2020-21
224.0,Semi Ojeleye,BOS,56.0,17.0,4.6,1.6,3.9,40.3,1.0,2.8,36.7,0.4,0.6,75.0,0.6,2.1,2.6,0.7,0.3,0.0,0.4,5.4,2020-21
225.0,Rodney Hood,TOR,55.0,17.1,4.5,1.7,4.7,36.2,0.6,2.1,30.1,0.4,0.5,85.7,0.4,1.5,1.9,1.0,0.4,0.1,0.7,4.1,2020-21
226.0,Solomon Hill,ATL,71.0,21.3,4.5,1.5,4.2,35.9,1.0,3.0,32.1,0.5,0.6,76.1,0.6,2.4,3.0,1.1,0.7,0.2,0.6,6.0,2020-21
227.0,Stanley Johnson,TOR,61.0,16.5,4.4,1.5,3.8,38.2,0.7,2.2,32.8,0.7,0.9,80.0,0.5,2.0,2.5,1.5,0.9,0.3,0.9,6.1,2020-21
228.0,Andre Iguodala,MIA,63.0,21.3,4.4,1.5,3.9,38.3,1.0,2.9,33.0,0.4,0.6,65.8,0.6,2.9,3.5,2.3,0.9,0.6,1.1,7.9,2020-21
229.0,Mike Scott,PHI,51.0,16.7,4.2,1.5,4.1,36.0,1.0,3.0,34.2,0.2,0.2,66.7,0.2,2.1,2.4,0.8,0.5,0.3,0.4,5.0,2020-21
230.0,Jevon Carter,PHX,60.0,12.0,4.1,1.6,3.7,42.2,0.9,2.5,37.1,0.1,0.1,57.1,0.3,1.3,1.5,1.2,0.5,0.2,0.3,5.0,2020-21
231.0,Kevon Looney,GSW,61.0,19.0,4.1,1.8,3.2,54.8,0.1,0.3,23.5,0.5,0.8,64.6,1.9,3.4,5.3,2.0,0.3,0.4,0.6,9.7,2020-21
232.0,Obi Toppin,NYK,62.0,11.0,4.1,1.7,3.4,49.8,0.4,1.4,30.6,0.3,0.4,73.1,0.4,1.8,2.2,0.5,0.3,0.2,0.4,5.1,2020-21
233.0,Cody Martin,CHA,52.0,16.3,4.0,1.6,3.6,44.1,0.3,1.1,27.6,0.5,0.8,58.1,1.0,2.1,3.1,1.7,0.7,0.2,0.8,6.5,2020-21
234.0,Matisse Thybulle,PHI,65.0,20.0,3.9,1.6,3.7,42.0,0.7,2.2,30.1,0.1,0.3,44.4,0.5,1.4,1.9,1.0,1.6,1.1,0.5,6.7,2020-21
235.0,P.J. Tucker,MIL,52.0,26.1,3.7,1.3,3.4,37.3,0.8,2.3,33.6,0.4,0.5,75.0,1.0,2.9,3.9,1.2,0.8,0.4,0.8,6.9,2020-21
236.0,Thanasis Antetokounmpo,MIL,57.0,9.7,2.9,1.2,2.4,48.9,0.1,0.5,24.1,0.4,0.9,51.0,0.9,1.2,2.2,0.8,0.4,0.2,0.8,4.1,2020-21
237.0,Miye Oni,UTA,54.0,9.6,1.9,0.6,1.8,35.4,0.6,1.6,34.1,0.1,0.1,83.3,0.4,1.1,1.6,0.5,0.2,0.1,0.3,2.9,2020-21
1.0,Joel Embiid,PHI,68.0,33.8,30.6,9.8,19.6,49.9,1.4,3.7,37.1,9.6,11.8,81.4,2.1,9.6,11.7,4.2,1.1,1.5,3.1,33.9,2021-22
2.0,Giannis Antetokounmpo,MIL,67.0,32.9,29.9,10.3,18.6,55.3,1.1,3.6,29.3,8.3,11.4,72.2,2.0,9.6,11.6,5.8,1.1,1.4,3.3,35.0,2021-22
3.0,Luka Doncic,DAL,65.0,35.4,28.4,9.9,21.6,45.7,3.1,8.8,35.3,5.6,7.5,74.4,0.9,8.3,9.1,8.7,1.2,0.6,4.5,29.8,2021-22
4.0,Trae Young,ATL,76.0,34.9,28.4,9.4,20.3,46.0,3.1,8.0,38.2,6.6,7.3,90.4,0.7,3.1,3.7,9.7,0.9,0.1,4.0,27.2,2021-22
5.0,DeMar DeRozan,CHI,76.0,36.1,27.9,10.2,20.2,50.4,0.7,1.9,35.2,6.8,7.8,87.7,0.7,4.4,5.2,4.9,0.9,0.3,2.4,25.8,2021-22
6.0,Nikola Jokic,DEN,74.0,33.5,27.1,10.3,17.7,58.3,1.3,3.9,33.7,5.1,6.3,81.0,2.8,11.0,13.8,7.9,1.5,0.9,3.8,38.7,2021-22
7.0,Jayson Tatum,BOS,76.0,35.9,26.9,9.3,20.6,45.3,3.0,8.6,35.3,5.3,6.2,85.3,1.1,6.9,8.0,4.4,1.0,0.6,2.9,25.9,2021-22
8.0,Devin Booker,PHX,68.0,34.5,26.8,9.7,20.9,46.6,2.7,7.0,38.3,4.6,5.3,86.8,0.7,4.4,5.0,4.8,1.1,0.4,2.4,23.9,2021-22
9.0,Donovan Mitchell,UTA,67.0,33.8,25.9,9.2,20.5,44.8,3.5,9.8,35.5,4.0,4.7,85.3,0.8,3.4,4.2,5.3,1.5,0.2,3.0,22.1,2021-22
10.0,Stephen Curry,GSW,64.0,34.5,25.5,8.4,19.1,43.7,4.5,11.7,38.0,4.3,4.7,92.3,0.5,4.7,5.2,6.3,1.3,0.4,3.2,24.4,2021-22
11.0,Karl-Anthony Towns,MIN,74.0,33.4,24.6,8.7,16.4,52.9,2.0,4.9,41.0,5.2,6.3,82.2,2.6,7.2,9.8,3.6,1.0,1.1,3.1,28.2,2021-22
12.0,Zach LaVine,CHI,67.0,34.7,24.4,8.4,17.7,47.6,2.8,7.1,38.9,4.8,5.6,85.3,0.3,4.3,4.6,4.5,0.6,0.3,2.6,21.8,2021-22
13.0,Jaylen Brown,BOS,66.0,33.6,23.6,8.7,18.4,47.3,2.5,7.0,35.8,3.7,4.8,75.8,0.8,5.3,6.1,3.5,1.1,0.3,2.7,21.0,2021-22
14.0,De'Aaron Fox,SAC,59.0,35.3,23.2,8.7,18.5,47.3,1.3,4.2,29.7,4.4,5.9,75.0,0.4,3.5,3.9,5.6,1.2,0.4,2.8,20.2,2021-22
15.0,Pascal Siakam,TOR,68.0,37.9,22.8,8.8,17.8,49.4,1.1,3.2,34.4,4.2,5.6,74.9,1.9,6.6,8.5,5.3,1.3,0.6,2.7,25.5,2021-22
16.0,CJ McCollum,NOP,62.0,34.6,22.1,8.6,18.8,46.0,2.9,7.6,38.8,1.9,2.7,68.2,0.9,3.5,4.3,5.1,1.1,0.4,2.0,20.0,2021-22
17.0,James Harden,PHI,65.0,37.2,22.0,6.3,15.3,41.0,2.3,6.9,33.0,7.2,8.2,87.7,0.8,6.8,7.7,10.3,1.3,0.6,4.4,27.4,2021-22
18.0,Darius Garland,CLE,68.0,35.7,21.7,8.0,17.3,46.2,2.6,6.7,38.3,3.2,3.5,89.2,0.6,2.7,3.3,8.6,1.3,0.1,3.6,21.6,2021-22
19.0,Anthony Edwards,MIN,72.0,34.3,21.3,7.6,17.3,44.1,3.0,8.4,35.7,3.1,3.9,78.6,0.9,3.9,4.8,3.8,1.5,0.6,2.6,18.8,2021-22
20.0,Dejounte Murray,SAS,68.0,34.8,21.1,8.4,18.3,46.2,1.4,4.3,32.7,2.9,3.6,79.4,1.2,7.1,8.3,9.2,2.0,0.3,2.6,27.8,2021-22
21.0,Tyler Herro,MIA,66.0,32.6,20.7,7.6,17.0,44.7,2.7,6.7,39.9,2.9,3.3,86.8,0.5,4.5,5.0,4.0,0.7,0.1,2.6,18.0,2021-22
22.0,Fred VanVleet,TOR,65.0,37.9,20.3,6.8,16.9,40.3,3.7,9.9,37.7,3.0,3.4,87.4,0.7,3.8,4.4,6.7,1.7,0.5,2.6,20.6,2021-22
23.0,Miles Bridges,CHA,80.0,35.5,20.2,7.5,15.2,49.1,1.9,5.8,33.1,3.3,4.2,80.2,1.1,5.9,7.0,3.8,0.9,0.8,1.9,22.2,2021-22
24.0,LaMelo Ball,CHA,75.0,32.3,20.1,7.2,16.7,42.9,2.9,7.5,38.9,2.8,3.2,87.2,1.4,5.2,6.7,7.6,1.6,0.4,3.3,23.2,2021-22
25.0,Julius Randle,NYK,72.0,35.3,20.1,7.1,17.3,41.1,1.7,5.4,30.8,4.2,5.6,75.6,1.7,8.2,9.9,5.1,0.7,0.5,3.4,21.5,2021-22
26.0,Khris Middleton,MIL,66.0,32.4,20.1,6.8,15.5,44.3,2.5,6.6,37.3,3.9,4.4,89.0,0.6,4.8,5.4,5.4,1.2,0.3,2.9,20.3,2021-22
27.0,RJ Barrett,NYK,70.0,34.5,20.0,7.0,17.1,40.8,2.0,5.8,34.2,4.1,5.8,71.4,0.9,4.9,5.8,3.0,0.6,0.2,2.2,15.8,2021-22
28.0,Terry Rozier,CHA,73.0,33.7,19.3,7.1,16.0,44.4,3.0,8.1,37.4,2.1,2.4,85.2,0.8,3.5,4.3,4.5,1.3,0.3,1.3,19.1,2021-22
29.0,Domantas Sabonis,SAC,62.0,34.5,18.9,7.1,12.5,57.3,0.6,2.0,31.2,4.0,5.4,74.1,3.2,8.9,12.1,5.2,1.0,0.4,3.1,27.8,2021-22
30.0,Jordan Poole,GSW,76.0,30.0,18.5,6.2,13.9,44.8,2.8,7.6,36.4,3.2,3.5,92.5,0.4,3.0,3.4,4.0,0.8,0.3,2.5,16.6,2021-22
31.0,Russell Westbrook,LAL,78.0,34.3,18.5,7.0,15.8,44.4,1.0,3.4,29.8,3.4,5.1,66.7,1.4,6.0,7.4,7.1,1.0,0.3,3.8,19.9,2021-22
32.0,Gary Trent Jr.,TOR,70.0,35.0,18.3,6.4,15.5,41.4,3.0,7.8,38.3,2.5,2.9,85.3,0.4,2.4,2.7,2.0,1.7,0.3,1.0,14.5,2021-22
33.0,Jrue Holiday,MIL,67.0,32.9,18.3,7.1,14.2,50.1,2.0,4.8,41.1,2.0,2.7,76.1,1.0,3.5,4.5,6.8,1.6,0.4,2.7,21.2,2021-22
34.0,Desmond Bane,MEM,76.0,29.8,18.2,6.7,14.5,46.1,3.0,6.9,43.6,1.8,2.0,90.3,0.6,3.8,4.4,2.7,1.2,0.4,1.5,17.5,2021-22
35.0,D'Angelo Russell,MIN,65.0,32.0,18.1,6.2,15.0,41.1,2.7,8.0,34.0,3.0,3.7,82.5,0.4,2.9,3.3,7.1,1.0,0.3,2.5,17.8,2021-22
36.0,Bojan Bogdanovic,UTA,69.0,30.9,18.1,6.1,13.4,45.5,2.6,6.8,38.7,3.2,3.8,85.8,0.8,3.4,4.3,1.7,0.5,0.0,1.7,15.0,2021-22
37.0,Christian Wood,HOU,68.0,30.8,17.9,6.5,12.9,50.1,1.9,4.9,39.0,3.0,4.9,62.3,1.6,8.5,10.1,2.3,0.8,1.0,1.9,21.9,2021-22
38.0,Jonas Valanciunas,NOP,74.0,30.3,17.8,6.9,12.7,54.4,0.8,2.1,36.1,3.2,3.9,82.0,3.1,8.3,11.4,2.6,0.6,0.8,2.4,24.2,2021-22
39.0,Nikola Vucevic,CHI,73.0,33.1,17.6,7.5,15.8,47.3,1.4,4.5,31.4,1.3,1.7,76.0,1.9,9.1,11.0,3.2,1.0,1.0,1.9,23.2,2021-22
40.0,Tyrese Maxey,PHI,75.0,35.3,17.5,6.4,13.3,48.5,1.8,4.1,42.7,2.8,3.3,86.6,0.3,2.9,3.2,4.3,0.7,0.4,1.2,17.7,2021-22
41.0,Cade Cunningham,DET,64.0,32.6,17.4,6.7,16.1,41.6,1.8,5.7,31.4,2.2,2.6,84.5,0.9,4.6,5.5,5.6,1.2,0.7,3.7,16.9,2021-22
42.0,Jalen Green,HOU,67.0,31.9,17.3,6.1,14.2,42.6,2.3,6.8,34.3,2.8,3.5,79.7,0.5,2.9,3.4,2.6,0.7,0.3,2.0,13.3,2021-22
43.0,Tobias Harris,PHI,73.0,34.8,17.2,6.8,14.0,48.2,1.4,3.8,36.7,2.3,2.8,84.2,1.1,5.7,6.8,3.5,0.6,0.6,1.6,19.4,2021-22
44.0,Andrew Wiggins,GSW,73.0,31.9,17.2,6.5,14.0,46.6,2.2,5.5,39.3,2.0,3.2,63.4,1.2,3.3,4.5,2.2,1.0,0.7,1.5,15.5,2021-22
45.0,Deandre Ayton,PHX,58.0,29.5,17.2,7.6,12.0,63.4,0.1,0.3,36.8,1.8,2.4,74.6,2.6,7.7,10.2,1.4,0.7,0.7,1.6,23.7,2021-22
46.0,Kyle Kuzma,WAS,66.0,33.4,17.1,6.4,14.2,45.2,1.9,5.7,34.1,2.4,3.3,71.2,1.1,7.4,8.5,3.5,0.6,0.9,2.6,19.4,2021-22
47.0,Keldon Johnson,SAS,75.0,31.9,17.0,6.3,13.5,46.6,2.1,5.3,39.8,2.4,3.1,75.6,1.1,5.0,6.1,2.1,0.8,0.2,1.2,17.0,2021-22
48.0,Caris LeVert,CLE,58.0,30.7,17.0,6.5,14.7,44.4,1.4,4.4,32.0,2.5,3.3,75.6,0.7,2.9,3.7,4.3,0.9,0.4,1.9,15.4,2021-22
49.0,Reggie Jackson,LAC,75.0,31.2,16.8,6.4,16.3,39.2,2.2,6.8,32.6,1.8,2.2,84.7,0.5,3.1,3.6,4.8,0.7,0.2,2.3,13.6,2021-22
50.0,Harrison Barnes,SAC,77.0,33.6,16.4,5.1,10.8,46.9,1.8,4.7,39.4,4.4,5.4,82.6,1.1,4.5,5.6,2.4,0.7,0.2,1.5,17.1,2021-22
51.0,Cole Anthony,ORL,65.0,31.7,16.3,5.5,14.0,39.1,2.0,6.0,33.8,3.3,3.9,85.4,0.5,4.9,5.4,5.7,0.7,0.3,2.6,16.6,2021-22
52.0,Jaren Jackson Jr.,MEM,78.0,27.3,16.3,5.5,13.3,41.5,1.6,5.1,31.9,3.6,4.4,82.3,1.5,4.3,5.8,1.1,0.9,2.3,1.7,16.2,2021-22
53.0,Jalen Brunson,DAL,79.0,31.9,16.3,6.4,12.8,50.2,1.2,3.2,37.3,2.3,2.7,84.0,0.5,3.4,3.9,4.8,0.8,0.0,1.6,17.5,2021-22
54.0,Saddiq Bey,DET,82.0,33.0,16.1,5.5,13.9,39.6,2.6,7.4,34.6,2.6,3.1,82.7,1.3,4.1,5.4,2.8,0.9,0.2,1.2,15.3,2021-22
55.0,Jordan Clarkson,UTA,79.0,27.1,16.0,5.9,14.1,41.9,2.4,7.6,31.8,1.8,2.2,82.8,0.8,2.6,3.5,2.5,0.8,0.2,1.6,12.8,2021-22
56.0,Buddy Hield,IND,81.0,30.9,15.6,5.5,13.6,40.6,3.2,8.8,36.6,1.4,1.6,87.4,0.8,3.5,4.4,2.8,0.9,0.3,1.9,13.9,2021-22
57.0,Rudy Gobert,UTA,66.0,32.1,15.6,5.5,7.7,71.3,0.0,0.1,0.0,4.6,6.7,69.0,3.7,11.0,14.7,1.1,0.7,2.1,1.8,28.0,2021-22
58.0,Kevin Porter Jr.,HOU,61.0,31.3,15.6,5.5,13.2,41.5,2.5,6.8,37.5,2.0,3.2,64.2,0.7,3.7,4.4,6.2,1.1,0.4,3.1,15.6,2021-22
59.0,Tyrese Haliburton,IND,77.0,35.0,15.3,5.6,11.8,47.3,2.1,5.1,41.4,2.1,2.5,84.2,0.8,3.2,4.0,8.2,1.7,0.6,2.6,20.7,2021-22
60.0,Scottie Barnes,TOR,74.0,35.4,15.3,6.2,12.6,49.2,0.8,2.6,30.1,2.1,2.9,73.5,2.6,4.9,7.5,3.5,1.1,0.7,1.8,19.1,2021-22
61.0,Franz Wagner,ORL,79.0,30.7,15.2,5.8,12.3,46.8,1.2,3.4,35.4,2.4,2.8,86.3,1.1,3.4,4.5,2.9,0.9,0.4,1.5,15.4,2021-22
62.0,Bogdan Bogdanovic,ATL,63.0,29.3,15.1,5.4,12.6,43.1,2.7,7.3,36.8,1.5,1.8,84.3,0.5,3.5,4.0,3.1,1.1,0.2,1.1,14.9,2021-22
63.0,Wendell Carter Jr.,ORL,62.0,29.9,15.0,5.8,11.0,52.5,1.1,3.5,32.7,2.3,3.3,69.1,2.2,8.2,10.5,2.8,0.6,0.7,1.9,21.3,2021-22
64.0,Aaron Gordon,DEN,75.0,31.7,15.0,5.8,11.1,52.0,1.2,3.5,33.5,2.3,3.1,74.3,1.7,4.2,5.9,2.5,0.6,0.6,1.8,16.7,2021-22
65.0,Seth Curry,BKN,64.0,33.3,15.0,5.6,11.5,48.7,2.5,5.8,42.2,1.3,1.5,87.2,0.3,2.8,3.1,3.6,0.8,0.2,1.7,15.0,2021-22
66.0,Evan Mobley,CLE,69.0,33.8,15.0,6.1,12.0,50.8,0.3,1.3,25.0,2.4,3.7,66.3,2.1,6.2,8.3,2.5,0.8,1.7,1.9,19.2,2021-22
67.0,Kelly Oubre Jr.,CHA,76.0,26.3,15.0,5.4,12.3,44.0,2.5,7.3,34.5,1.7,2.5,66.7,1.0,2.9,4.0,1.1,1.0,0.4,0.9,12.9,2021-22
68.0,Lauri Markkanen,CLE,61.0,30.8,14.8,5.1,11.5,44.5,2.2,6.2,35.8,2.3,2.6,86.8,1.0,4.7,5.7,1.3,0.7,0.5,0.9,15.3,2021-22
69.0,Chris Paul,PHX,65.0,32.9,14.7,5.6,11.3,49.3,1.0,3.1,31.7,2.6,3.1,83.7,0.3,4.0,4.4,10.8,1.9,0.3,2.4,23.5,2021-22
70.0,Will Barton,DEN,71.0,32.1,14.7,5.5,12.6,43.8,2.2,6.1,36.5,1.4,1.8,80.3,0.6,4.2,4.8,3.9,0.8,0.4,1.8,15.3,2021-22
71.0,Bobby Portis,MIL,72.0,28.2,14.6,5.8,12.1,47.9,1.8,4.7,39.3,1.2,1.6,75.2,2.5,6.6,9.1,1.2,0.7,0.7,1.3,18.4,2021-22
72.0,Mikal Bridges,PHX,82.0,34.8,14.2,5.6,10.5,53.4,1.4,3.8,36.9,1.6,1.9,83.4,0.9,3.3,4.2,2.3,1.2,0.4,0.8,16.2,2021-22
73.0,Evan Fournier,NYK,80.0,29.5,14.1,5.0,12.1,41.7,3.0,7.7,38.9,1.0,1.4,70.8,0.4,2.2,2.6,2.1,1.0,0.3,1.3,11.3,2021-22
74.0,Malik Monk,LAL,76.0,28.1,13.8,5.1,10.9,47.3,2.3,5.8,39.1,1.2,1.5,79.5,0.5,2.9,3.4,2.9,0.8,0.4,1.6,13.6,2021-22
75.0,Spencer Dinwiddie,DAL,67.0,29.6,13.7,4.6,11.0,41.6,1.7,4.9,33.9,2.9,3.8,77.4,0.7,3.5,4.2,5.2,0.7,0.2,1.6,15.1,2021-22
76.0,Mike Conley,UTA,72.0,28.6,13.7,4.8,11.0,43.5,2.3,5.8,40.8,1.8,2.3,79.6,0.7,2.4,3.0,5.3,1.3,0.3,1.7,15.3,2021-22
77.0,Kevin Love,CLE,74.0,22.5,13.6,4.4,10.3,43.0,2.5,6.4,39.2,2.2,2.7,83.8,1.2,6.1,7.2,2.2,0.4,0.2,1.3,16.0,2021-22
78.0,Dennis Schroder,HOU,64.0,28.7,13.5,4.9,11.3,43.1,1.3,3.9,34.4,2.5,2.9,85.3,0.5,2.8,3.3,4.6,0.8,0.1,2.2,13.4,2021-22
79.0,Jakob Poeltl,SAS,68.0,29.0,13.5,6.0,9.8,61.8,0.0,0.0,100.0,1.4,2.8,49.5,3.9,5.5,9.3,2.8,0.7,1.7,1.6,21.2,2021-22
80.0,Kyle Lowry,MIA,63.0,33.9,13.4,4.4,10.0,44.0,2.3,6.1,37.7,2.3,2.8,85.1,0.5,4.0,4.5,7.5,1.1,0.3,2.7,18.1,2021-22
81.0,Carmelo Anthony,LAL,69.0,26.0,13.3,4.6,10.5,44.1,2.2,5.8,37.5,1.9,2.3,83.0,0.9,3.3,4.2,1.0,0.7,0.8,0.9,12.8,2021-22
82.0,Derrick White,BOS,75.0,29.3,13.2,4.5,10.7,42.1,1.5,4.9,31.2,2.7,3.1,86.4,0.5,3.0,3.5,4.9,0.9,0.8,1.6,15.0,2021-22
83.0,Kentavious Caldwell-Pope,WAS,77.0,30.2,13.2,4.7,10.8,43.5,2.1,5.3,39.0,1.8,2.0,89.0,0.5,2.9,3.4,1.9,1.1,0.3,1.3,12.4,2021-22
84.0,Montrezl Harrell,CHA,71.0,23.1,13.1,5.0,7.8,64.5,0.1,0.2,23.5,3.0,4.2,71.6,2.1,4.0,6.1,2.0,0.4,0.6,1.0,17.3,2021-22
85.0,Coby White,CHI,61.0,27.5,12.7,4.6,10.6,43.3,2.2,5.8,38.5,1.3,1.5,85.7,0.3,2.7,3.0,2.9,0.5,0.2,1.1,11.8,2021-22
86.0,Monte Morris,DEN,75.0,29.9,12.6,5.0,10.3,48.4,1.7,4.2,39.5,1.0,1.1,86.9,0.4,2.7,3.0,4.4,0.7,0.2,1.0,14.5,2021-22
87.0,Cameron Johnson,PHX,66.0,26.2,12.5,4.2,9.2,46.0,2.5,5.9,42.5,1.5,1.7,86.0,0.6,3.5,4.1,1.5,0.9,0.2,0.7,13.3,2021-22
88.0,Devin Vassell,SAS,71.0,27.3,12.3,4.6,10.8,42.7,1.9,5.4,36.1,1.2,1.4,83.8,0.6,3.7,4.3,1.9,1.1,0.6,0.8,12.9,2021-22
89.0,Lonnie Walker IV,SAS,70.0,23.0,12.1,4.4,10.9,40.7,1.6,5.0,31.4,1.7,2.1,78.4,0.3,2.3,2.6,2.2,0.6,0.3,1.0,9.8,2021-22
90.0,Marcus Smart,BOS,71.0,32.3,12.1,4.2,10.1,41.8,1.7,5.1,33.1,2.0,2.5,79.3,0.6,3.2,3.8,5.9,1.7,0.3,2.2,15.1,2021-22
91.0,Malik Beasley,MIN,79.0,25.0,12.1,4.2,10.8,39.1,3.0,8.1,37.7,0.6,0.8,81.7,0.3,2.5,2.9,1.5,0.5,0.2,0.5,9.9,2021-22
92.0,Kevin Huerter,ATL,74.0,29.6,12.1,4.7,10.3,45.4,2.2,5.6,38.9,0.6,0.7,80.8,0.4,3.0,3.4,2.7,0.7,0.4,1.2,12.4,2021-22
93.0,Luke Kennard,LAC,70.0,27.4,11.9,4.1,9.1,44.9,2.7,6.0,44.9,1.0,1.1,89.6,0.3,3.0,3.3,2.1,0.6,0.1,0.9,11.9,2021-22
94.0,Devonte' Graham,NOP,76.0,28.4,11.9,3.9,10.7,36.3,2.5,7.4,34.1,1.6,1.8,84.3,0.5,1.8,2.3,4.2,0.9,0.2,1.4,10.9,2021-22
95.0,Jae'Sean Tate,HOU,78.0,26.4,11.8,4.7,9.3,49.8,0.8,2.6,31.2,1.7,2.4,70.7,1.7,3.7,5.4,2.8,0.9,0.5,1.8,14.3,2021-22
96.0,Danilo Gallinari,ATL,66.0,25.3,11.7,3.9,9.0,43.4,1.7,4.5,38.1,2.1,2.4,90.4,0.5,4.1,4.7,1.5,0.4,0.2,0.6,12.6,2021-22
97.0,Alec Burks,NYK,81.0,28.6,11.7,3.5,9.0,39.1,1.9,4.8,40.4,2.7,3.3,82.2,0.6,4.3,4.9,3.0,1.0,0.3,1.1,13.7,2021-22
98.0,Davion Mitchell,SAC,75.0,27.7,11.5,4.7,11.2,41.8,1.3,4.3,31.6,0.7,1.1,65.9,0.4,1.8,2.2,4.2,0.7,0.3,1.5,10.5,2021-22
99.0,Patty Mills,BKN,81.0,29.0,11.4,4.0,9.8,40.8,2.8,7.0,40.0,0.6,0.7,81.4,0.2,1.7,1.9,2.3,0.6,0.2,0.9,9.6,2021-22
100.0,Immanuel Quickley,NYK,78.0,23.1,11.3,3.6,9.3,39.2,1.8,5.1,34.6,2.3,2.6,88.1,0.4,2.8,3.2,3.5,0.7,0.0,1.3,11.5,2021-22
101.0,Gary Harris,ORL,61.0,28.4,11.1,3.9,9.1,43.4,1.9,5.0,38.4,1.4,1.6,87.4,0.6,1.4,2.0,1.8,1.0,0.1,1.0,9.7,2021-22
102.0,Grayson Allen,MIL,66.0,27.3,11.1,3.9,8.6,44.8,2.4,5.9,40.9,1.0,1.1,86.5,0.5,2.9,3.4,1.5,0.7,0.3,0.7,11.4,2021-22
103.0,Clint Capela,ATL,74.0,27.6,11.1,5.0,8.2,61.3,0.0,0.0,0.0,1.1,2.3,47.3,3.8,8.1,11.9,1.2,0.7,1.3,0.6,21.2,2021-22
104.0,Dorian Finney-Smith,DAL,80.0,33.1,11.0,4.1,8.7,47.1,2.2,5.4,39.5,0.7,1.0,67.5,1.5,3.2,4.7,1.9,1.1,0.5,1.0,13.2,2021-22
105.0,Hamidou Diallo,DET,58.0,21.9,11.0,4.5,9.1,49.6,0.4,1.6,24.7,1.6,2.4,65.0,1.2,3.6,4.8,1.3,1.2,0.3,1.0,12.1,2021-22
106.0,Duncan Robinson,MIA,79.0,25.9,10.9,3.7,9.2,39.9,2.9,7.9,37.2,0.6,0.8,83.6,0.3,2.3,2.6,1.6,0.5,0.2,0.8,9.4,2021-22
107.0,De'Anthony Melton,MEM,73.0,22.7,10.8,3.8,9.5,40.4,1.9,5.1,37.4,1.2,1.6,75.0,0.9,3.6,4.5,2.7,1.4,0.5,1.5,12.3,2021-22
108.0,Darius Bazley,OKC,69.0,27.9,10.8,4.0,9.4,42.2,1.2,3.9,29.7,1.7,2.5,68.8,1.0,5.3,6.3,1.4,0.8,1.0,1.3,12.9,2021-22
109.0,Cameron Payne,PHX,58.0,22.0,10.8,4.1,10.1,40.9,1.2,3.6,33.6,1.3,1.5,84.3,0.4,2.6,3.0,4.9,0.7,0.3,1.8,11.7,2021-22
110.0,Terance Mann,LAC,81.0,28.6,10.8,4.1,8.5,48.4,0.9,2.6,36.5,1.6,2.0,78.0,1.3,4.0,5.2,2.6,0.7,0.3,1.0,13.7,2021-22
111.0,Cedi Osman,CLE,66.0,22.2,10.7,3.7,8.7,43.2,1.9,5.4,35.7,1.3,2.0,66.4,0.4,1.8,2.2,2.0,0.8,0.2,1.0,9.3,2021-22
112.0,Mo Bamba,ORL,71.0,25.7,10.6,4.2,8.7,48.0,1.5,4.0,38.1,0.8,1.0,78.1,2.1,6.0,8.1,1.2,0.5,1.7,1.1,16.3,2021-22
113.0,Nickeil Alexander-Walker,UTA,65.0,22.6,10.6,3.9,10.5,37.2,1.6,5.2,31.1,1.2,1.7,74.3,0.6,2.3,2.9,2.4,0.7,0.4,1.4,8.6,2021-22
114.0,Max Strus,MIA,68.0,23.3,10.6,3.7,8.3,44.1,2.7,6.5,41.0,0.6,0.8,79.2,0.4,2.6,3.0,1.4,0.4,0.2,0.8,9.9,2021-22
115.0,Trey Lyles,SAC,75.0,20.5,10.5,3.5,7.5,46.6,0.9,2.8,32.1,2.6,3.2,80.2,1.2,3.9,5.1,1.2,0.4,0.4,1.0,11.9,2021-22
116.0,Tre Mann,OKC,60.0,22.8,10.4,3.9,9.8,39.3,1.6,4.5,36.0,1.1,1.4,79.3,0.4,2.4,2.9,1.5,0.8,0.2,1.2,8.4,2021-22
117.0,Brandon Clarke,MEM,64.0,19.5,10.4,4.5,7.0,64.4,0.1,0.3,22.7,1.3,2.0,65.4,2.1,3.2,5.3,1.3,0.6,1.1,0.5,15.0,2021-22
118.0,Ivica Zubac,LAC,76.0,24.4,10.3,4.1,6.5,62.6,0.0,0.0,0.0,2.2,3.0,72.7,2.9,5.6,8.5,1.6,0.5,1.0,1.5,17.1,2021-22
119.0,Jeff Green,DEN,75.0,24.7,10.3,3.7,7.1,52.4,0.7,2.2,31.5,2.2,2.6,83.3,0.5,2.5,3.1,1.3,0.4,0.4,0.9,10.6,2021-22
120.0,P.J. Washington,CHA,65.0,27.2,10.3,3.8,8.2,47.0,1.7,4.6,36.5,0.9,1.2,71.6,1.3,3.9,5.2,2.3,0.9,0.9,1.3,13.6,2021-22
121.0,Josh Richardson,SAS,65.0,24.6,10.2,3.6,8.2,43.8,1.6,3.8,41.5,1.5,1.7,88.9,0.6,2.2,2.8,1.8,0.9,0.4,1.0,10.4,2021-22
122.0,Ben McLemore,POR,64.0,20.1,10.2,3.4,8.4,40.1,2.4,6.5,36.2,1.1,1.4,81.8,0.2,1.4,1.6,0.9,0.6,0.2,0.9,7.4,2021-22
123.0,Al Horford,BOS,69.0,29.1,10.2,3.9,8.2,46.7,1.3,3.8,33.6,1.2,1.4,84.2,1.6,6.1,7.7,3.4,0.7,1.3,0.9,17.7,2021-22
124.0,Justin Holiday,SAC,74.0,27.8,10.1,3.5,8.9,39.4,2.4,6.5,36.7,0.7,0.8,80.6,0.4,2.2,2.6,1.7,0.8,0.4,0.9,9.1,2021-22
125.0,Bones Hyland,DEN,69.0,19.0,10.1,3.3,8.3,40.3,1.9,5.2,36.6,1.6,1.8,85.6,0.2,2.5,2.7,2.8,0.6,0.3,1.2,10.0,2021-22
126.0,Garrison Mathews,HOU,65.0,26.3,10.0,2.8,7.1,39.9,2.1,5.9,36.0,2.2,2.8,79.4,0.5,2.4,2.9,1.0,0.9,0.4,0.6,9.7,2021-22
127.0,Terrence Ross,ORL,63.0,23.0,10.0,3.5,8.8,39.7,1.2,4.2,29.2,1.8,2.1,86.2,0.3,2.2,2.6,1.8,0.4,0.2,1.2,8.2,2021-22
128.0,Robert Williams III,BOS,61.0,29.6,10.0,4.4,6.0,73.6,0.0,0.0,0.0,1.1,1.5,72.2,3.9,5.7,9.6,2.0,0.9,2.2,1.0,21.7,2021-22
129.0,Talen Horton-Tucker,LAL,60.0,25.2,10.0,3.7,9.0,41.6,0.8,3.0,26.9,1.7,2.1,80.0,0.6,2.6,3.2,2.7,1.0,0.5,1.4,10.3,2021-22
130.0,Pat Connaughton,MIL,65.0,26.0,9.9,3.5,7.6,45.8,2.2,5.7,39.5,0.7,0.8,83.3,0.7,3.5,4.2,1.3,0.9,0.2,0.5,11.7,2021-22
131.0,Alperen Sengun,HOU,72.0,20.7,9.6,3.5,7.3,47.4,0.4,1.6,24.8,2.3,3.2,71.1,1.9,3.5,5.5,2.6,0.8,0.9,2.0,12.6,2021-22
132.0,Herbert Jones,NOP,78.0,29.9,9.5,3.5,7.4,47.6,0.7,2.2,33.7,1.8,2.1,84.0,1.3,2.5,3.8,2.1,1.7,0.8,1.3,12.4,2021-22
133.0,Jae Crowder,PHX,67.0,28.1,9.4,3.2,8.1,39.9,1.9,5.4,34.8,1.1,1.3,78.9,0.4,4.8,5.3,1.9,1.4,0.4,0.8,12.4,2021-22
134.0,Chris Boucher,TOR,80.0,21.1,9.4,3.4,7.2,46.4,0.9,2.9,29.7,1.9,2.4,77.7,2.2,3.9,6.2,0.3,0.6,0.9,0.5,12.5,2021-22
135.0,Daniel Gafford,WAS,72.0,20.1,9.4,4.0,5.7,69.3,0.0,0.0,0.0,1.5,2.1,69.9,2.2,3.5,5.7,0.9,0.4,1.4,0.9,14.5,2021-22
136.0,Jaxson Hayes,NOP,70.0,20.0,9.3,3.5,5.7,61.6,0.3,0.8,35.1,2.1,2.7,76.6,1.6,2.9,4.5,0.6,0.5,0.8,0.8,12.1,2021-22
137.0,Jonathan Kuminga,GSW,70.0,16.9,9.3,3.4,6.6,51.3,0.7,2.1,33.6,1.9,2.7,68.4,0.8,2.6,3.3,0.9,0.4,0.3,1.1,9.2,2021-22
138.0,Jaden McDaniels,MIN,70.0,25.8,9.2,3.6,7.9,46.0,1.1,3.6,31.7,0.8,1.0,80.3,1.1,3.1,4.2,1.1,0.7,0.8,1.1,10.5,2021-22
139.0,Georges Niang,PHI,76.0,22.8,9.2,3.2,7.4,43.7,2.1,5.1,40.3,0.7,0.8,88.1,0.3,2.3,2.7,1.3,0.4,0.2,0.8,8.8,2021-22
140.0,Patrick Beverley,MIN,58.0,25.4,9.2,3.1,7.5,40.6,1.4,4.2,34.3,1.7,2.3,72.2,1.1,3.1,4.1,4.6,1.2,0.9,1.3,13.6,2021-22
141.0,JaVale McGee,PHX,74.0,15.8,9.2,3.9,6.2,62.9,0.0,0.1,22.2,1.4,2.0,69.9,2.2,4.5,6.7,0.6,0.3,1.1,1.3,13.6,2021-22
142.0,Caleb Martin,MIA,60.0,22.9,9.2,3.5,6.8,50.7,1.1,2.6,41.3,1.2,1.6,76.3,1.2,2.7,3.8,1.1,1.0,0.5,0.9,11.0,2021-22
143.0,Oshae Brissett,IND,67.0,23.3,9.1,3.1,7.6,41.1,1.2,3.5,35.0,1.7,2.4,69.5,1.6,3.7,5.3,1.1,0.7,0.4,0.8,10.7,2021-22
144.0,Precious Achiuwa,TOR,73.0,23.6,9.1,3.6,8.3,43.9,0.8,2.1,35.9,1.1,1.8,59.5,2.0,4.5,6.5,1.1,0.5,0.6,1.2,11.3,2021-22
145.0,Obi Toppin,NYK,72.0,17.1,9.0,3.5,6.6,53.1,0.7,2.3,30.8,1.3,1.7,75.8,1.0,2.8,3.7,1.1,0.3,0.5,0.8,10.3,2021-22
146.0,Bruce Brown,BKN,72.0,24.6,9.0,3.6,7.0,50.6,0.5,1.3,40.4,1.3,1.8,75.8,1.4,3.4,4.8,2.1,1.1,0.7,0.8,12.9,2021-22
147.0,Amir Coffey,LAC,69.0,22.7,9.0,3.1,6.8,45.3,1.4,3.7,37.8,1.5,1.7,86.3,0.4,2.5,2.9,1.8,0.6,0.2,0.7,9.8,2021-22
148.0,Moritz Wagner,ORL,63.0,15.2,9.0,3.1,6.3,49.7,1.0,3.2,32.8,1.7,2.0,80.6,0.7,3.0,3.7,1.4,0.3,0.2,0.9,10.1,2021-22
149.0,Chimezie Metu,SAC,60.0,21.3,8.9,3.4,7.5,45.2,1.0,3.1,30.6,1.2,1.5,78.0,0.6,5.0,5.6,1.0,0.9,0.5,1.0,11.4,2021-22
150.0,Bryn Forbes,DEN,75.0,17.1,8.8,3.1,7.2,42.9,1.6,3.9,41.4,1.1,1.2,90.8,0.1,1.1,1.2,1.0,0.3,0.1,0.7,6.5,2021-22
151.0,Ayo Dosunmu,CHI,77.0,27.4,8.8,3.6,6.9,52.0,0.9,2.4,37.6,0.7,1.0,67.9,0.4,2.4,2.8,3.3,0.8,0.4,1.4,11.0,2021-22
152.0,KJ Martin,HOU,79.0,21.0,8.8,3.5,6.6,53.3,0.8,2.1,35.7,1.0,1.6,63.4,1.0,2.7,3.8,1.3,0.4,0.5,0.8,10.4,2021-22
153.0,Isaac Okoro,CLE,67.0,29.6,8.8,3.1,6.4,48.0,0.8,2.3,35.0,1.8,2.3,76.8,1.1,1.9,3.0,1.8,0.8,0.3,0.9,10.0,2021-22
154.0,Dwight Powell,DAL,82.0,21.9,8.7,3.3,4.9,67.1,0.2,0.5,35.1,2.0,2.6,78.3,2.1,2.8,4.9,1.2,0.5,0.5,0.8,12.8,2021-22
155.0,Gabe Vincent,MIA,68.0,23.4,8.7,3.1,7.5,41.7,1.8,4.8,36.8,0.6,0.8,81.5,0.3,1.5,1.9,3.1,0.9,0.2,1.4,8.7,2021-22
156.0,Tyus Jones,MEM,73.0,21.2,8.7,3.4,7.6,45.1,1.1,2.8,39.0,0.7,0.9,81.8,0.2,2.2,2.4,4.4,0.9,0.0,0.6,11.5,2021-22
157.0,Chuma Okeke,ORL,70.0,25.0,8.6,3.1,8.2,37.6,1.7,5.3,31.8,0.8,0.9,84.6,0.7,4.3,5.0,1.7,1.4,0.6,0.8,11.2,2021-22
158.0,Reggie Bullock Jr.,DAL,68.0,28.0,8.6,3.0,7.4,40.1,2.1,5.8,36.0,0.6,0.7,83.3,0.5,3.1,3.5,1.2,0.6,0.2,0.6,9.0,2021-22
159.0,Cam Thomas,BKN,67.0,17.6,8.5,3.3,7.5,43.3,0.7,2.6,27.0,1.3,1.6,82.9,0.2,2.2,2.4,1.2,0.5,0.1,0.8,7.3,2021-22
160.0,Robert Covington,LAC,71.0,27.3,8.5,2.9,7.0,42.0,1.8,4.8,37.8,0.8,1.0,84.1,0.8,4.7,5.5,1.3,1.5,1.3,1.1,12.8,2021-22
161.0,Jaylen Nowell,MIN,62.0,15.7,8.5,3.2,6.7,47.5,1.0,2.6,39.4,1.2,1.5,78.3,0.4,1.6,2.0,2.1,0.4,0.2,0.6,8.8,2021-22
162.0,Mitchell Robinson,NYK,72.0,25.7,8.5,3.6,4.8,76.1,0.0,0.0,0.0,1.2,2.5,48.6,4.1,4.5,8.6,0.5,0.8,1.8,0.8,17.0,2021-22
163.0,Deni Avdija,WAS,82.0,24.2,8.4,3.0,7.1,43.2,1.0,3.2,31.7,1.3,1.7,75.7,0.6,4.5,5.2,2.0,0.7,0.5,1.1,11.4,2021-22
164.0,Nicolas Batum,LAC,59.0,24.8,8.3,3.0,6.6,46.3,1.8,4.6,40.0,0.4,0.6,65.8,0.5,3.8,4.3,1.7,1.0,0.7,0.7,11.6,2021-22
165.0,Landry Shamet,PHX,69.0,20.8,8.3,2.8,7.0,39.4,1.8,4.8,36.8,1.0,1.2,84.0,0.2,1.6,1.8,1.6,0.4,0.1,0.6,7.2,2021-22
166.0,Isaiah Stewart,DET,71.0,25.6,8.3,3.5,6.9,51.0,0.2,0.6,32.6,1.0,1.5,71.8,3.2,5.5,8.7,1.2,0.3,1.1,1.2,14.6,2021-22
167.0,Isaiah Hartenstein,LAC,68.0,17.9,8.3,3.4,5.4,62.6,0.2,0.4,46.7,1.3,1.9,68.9,1.7,3.2,4.9,2.4,0.7,1.1,1.2,13.5,2021-22
168.0,Naz Reid,MIN,77.0,15.8,8.3,3.0,6.2,48.9,0.7,2.2,34.3,1.5,1.9,76.5,1.3,2.6,3.9,0.9,0.5,0.9,1.1,9.9,2021-22
169.0,Corey Kispert,WAS,77.0,23.4,8.2,3.0,6.7,45.5,1.5,4.2,35.0,0.7,0.8,87.1,0.7,2.0,2.7,1.1,0.5,0.3,0.6,8.4,2021-22
170.0,Hassan Whiteside,UTA,65.0,17.9,8.2,3.3,5.1,65.2,0.0,0.0,0.0,1.6,2.6,62.3,2.6,5.0,7.6,0.4,0.3,1.6,0.8,14.6,2021-22
171.0,Otto Porter Jr.,GSW,63.0,22.2,8.2,3.1,6.6,46.4,1.3,3.4,37.0,0.8,1.0,80.3,1.4,4.4,5.7,1.5,1.1,0.5,0.6,12.6,2021-22
172.0,Ziaire Williams,MEM,62.0,21.7,8.1,3.1,6.8,45.0,1.2,3.9,31.4,0.7,0.9,78.2,0.4,1.7,2.1,1.0,0.6,0.2,0.7,7.4,2021-22
173.0,Cory Joseph,DET,65.0,24.6,8.0,2.7,6.2,44.5,1.0,2.4,41.4,1.5,1.7,88.5,0.4,2.2,2.7,3.6,0.6,0.3,1.3,10.3,2021-22
174.0,Andre Drummond,BKN,73.0,19.7,7.9,3.4,5.9,57.0,0.0,0.0,0.0,1.2,2.2,52.4,3.1,6.2,9.3,1.8,1.1,0.9,1.6,15.9,2021-22
175.0,Josh Christopher,HOU,74.0,18.0,7.9,3.0,6.8,44.8,0.8,2.6,29.6,1.1,1.5,73.5,0.7,1.8,2.5,2.0,0.9,0.2,1.5,7.9,2021-22
176.0,Jordan Nwora,MIL,62.0,19.1,7.9,3.0,7.5,40.3,1.3,3.7,34.8,0.6,0.7,83.7,0.6,3.0,3.6,1.0,0.4,0.3,0.9,7.6,2021-22
177.0,Grant Williams,BOS,77.0,24.4,7.8,2.7,5.6,47.5,1.4,3.4,41.1,1.1,1.2,90.5,0.8,2.7,3.6,1.0,0.5,0.7,0.8,9.8,2021-22
178.0,Drew Eubanks,POR,71.0,17.5,7.7,3.1,5.2,59.6,0.1,0.3,21.7,1.4,1.8,76.2,1.8,3.5,5.4,1.2,0.4,0.6,1.1,11.6,2021-22
179.0,Cody Martin,CHA,71.0,26.3,7.7,2.9,6.0,48.2,0.9,2.2,38.4,1.1,1.5,70.1,1.2,2.9,4.0,2.5,1.2,0.5,0.9,11.5,2021-22
180.0,R.J. Hampton,ORL,64.0,21.9,7.6,2.7,7.1,38.3,1.0,2.9,35.0,1.2,1.8,64.1,0.4,2.7,3.0,2.5,0.7,0.2,1.4,7.6,2021-22
181.0,Aleksej Pokusevski,OKC,61.0,20.2,7.6,3.0,7.5,40.8,0.9,3.2,28.9,0.6,0.8,70.0,1.2,4.0,5.2,2.1,0.6,0.6,1.5,10.0,2021-22
182.0,Furkan Korkmaz,PHI,67.0,21.1,7.6,2.7,7.0,38.7,1.1,4.0,28.9,1.0,1.3,81.0,0.3,2.3,2.6,1.9,0.5,0.1,0.7,7.5,2021-22
183.0,P.J. Tucker,MIA,71.0,27.9,7.6,2.9,6.0,48.4,1.1,2.7,41.5,0.6,0.9,73.8,1.4,4.0,5.5,2.1,0.8,0.2,0.9,11.9,2021-22
184.0,Kyle Anderson,MEM,69.0,21.5,7.6,3.0,6.8,44.6,0.5,1.6,33.0,1.0,1.5,63.8,1.0,4.3,5.3,2.7,1.1,0.7,1.0,12.0,2021-22
185.0,Raul Neto,WAS,70.0,19.6,7.5,2.9,6.3,46.3,0.5,1.7,29.2,1.2,1.5,76.9,0.2,1.7,1.9,3.1,0.8,0.0,1.1,8.5,2021-22
186.0,Damion Lee,GSW,63.0,20.0,7.4,2.7,6.1,44.1,1.0,3.0,33.7,1.0,1.2,88.0,0.4,2.8,3.2,1.0,0.6,0.1,0.6,8.2,2021-22
187.0,Royce O'Neale,UTA,77.0,31.2,7.4,2.6,5.8,45.7,1.5,4.0,38.9,0.6,0.7,80.4,0.8,3.9,4.8,2.5,1.1,0.4,1.0,11.9,2021-22
188.0,Austin Reaves,LAL,61.0,23.2,7.3,2.4,5.2,45.9,0.9,2.7,31.7,1.6,1.9,83.9,0.7,2.4,3.2,1.8,0.5,0.3,0.7,9.3,2021-22
189.0,Taurean Prince,MIN,69.0,17.1,7.3,2.6,5.7,45.4,1.2,3.3,37.6,0.9,1.2,75.6,0.4,2.1,2.5,1.0,0.7,0.3,0.8,7.7,2021-22
190.0,Javonte Green,CHI,65.0,23.4,7.2,2.7,5.0,54.2,0.6,1.6,35.6,1.2,1.5,83.3,1.4,2.8,4.2,0.9,1.0,0.5,0.5,10.9,2021-22
191.0,Gary Payton II,GSW,71.0,17.6,7.1,3.0,4.8,61.6,0.6,1.7,35.8,0.5,0.8,60.3,1.0,2.5,3.5,0.9,1.4,0.3,0.6,10.4,2021-22
192.0,Maxi Kleber,DAL,59.0,24.6,7.0,2.4,6.0,39.8,1.4,4.3,32.5,0.8,1.1,70.8,1.2,4.7,5.9,1.2,0.5,1.0,0.8,10.8,2021-22
193.0,Steven Adams,MEM,76.0,26.3,6.9,2.8,5.1,54.7,0.0,0.0,0.0,1.4,2.6,54.3,4.6,5.4,10.0,3.4,0.9,0.8,1.5,17.0,2021-22
194.0,Jarred Vanderbilt,MIN,74.0,25.4,6.9,2.9,4.9,58.7,0.0,0.2,14.3,1.2,1.8,65.6,2.9,5.5,8.4,1.3,1.3,0.6,1.0,15.0,2021-22
195.0,Killian Hayes,DET,66.0,25.0,6.9,2.7,7.0,38.3,0.7,2.5,26.3,0.9,1.1,77.0,0.5,2.6,3.2,4.2,1.2,0.5,1.7,9.7,2021-22
196.0,Torrey Craig,PHX,78.0,20.5,6.6,2.6,5.7,45.4,1.0,3.0,32.9,0.5,0.7,75.0,1.1,2.9,4.0,1.2,0.6,0.5,0.9,8.7,2021-22
197.0,Mason Plumlee,CHA,73.0,24.6,6.5,2.8,4.4,64.1,0.0,0.0,0.0,0.9,2.3,39.2,2.4,5.3,7.7,3.1,0.8,0.7,1.4,14.5,2021-22
198.0,JaMychal Green,DEN,67.0,16.2,6.4,2.4,4.9,48.6,0.5,1.9,26.6,1.2,1.4,87.1,1.2,3.0,4.2,0.9,0.6,0.4,0.9,9.0,2021-22
199.0,Avery Bradley,LAL,62.0,22.7,6.4,2.4,5.6,42.3,1.3,3.4,39.0,0.3,0.3,88.9,0.5,1.7,2.2,0.8,0.9,0.1,0.6,6.4,2021-22
200.0,Aaron Holiday,PHX,63.0,16.2,6.3,2.4,5.4,44.7,0.6,1.6,37.9,0.9,1.1,86.8,0.4,1.6,1.9,2.4,0.7,0.1,1.1,7.3,2021-22
201.0,Ish Smith,WAS,65.0,17.3,6.3,2.8,6.6,43.0,0.4,1.0,37.3,0.2,0.4,62.5,0.4,1.8,2.2,3.8,0.7,0.4,1.2,8.2,2021-22
202.0,Dewayne Dedmon,MIA,67.0,15.9,6.3,2.4,4.3,56.6,0.3,0.7,40.4,1.1,1.5,75.0,1.6,4.2,5.8,0.7,0.4,0.6,1.0,10.4,2021-22
203.0,Payton Pritchard,BOS,71.0,14.1,6.2,2.3,5.3,42.9,1.4,3.5,41.2,0.3,0.3,100.0,0.5,1.4,1.9,2.0,0.4,0.1,0.6,6.9,2021-22
204.0,Dwight Howard,LAL,60.0,16.2,6.2,2.2,3.7,61.2,0.1,0.3,53.3,1.6,2.4,65.8,2.0,4.0,5.9,0.6,0.6,0.6,0.8,10.9,2021-22
205.0,Nemanja Bjelica,GSW,71.0,16.1,6.1,2.3,4.8,46.8,0.8,2.1,36.2,0.8,1.1,72.8,0.9,3.3,4.1,2.2,0.6,0.4,1.2,9.3,2021-22
206.0,Lamar Stevens,CLE,63.0,16.1,6.1,2.5,5.1,48.9,0.3,1.0,27.7,0.8,1.2,70.7,0.7,1.9,2.6,0.7,0.5,0.3,0.7,6.6,2021-22
207.0,Austin Rivers,DEN,67.0,22.1,6.0,2.2,5.2,41.7,1.2,3.4,34.2,0.5,0.7,72.7,0.3,1.4,1.7,1.3,0.8,0.1,0.8,5.9,2021-22
208.0,Kevon Looney,GSW,82.0,21.1,6.0,2.5,4.4,57.1,0.0,0.0,0.0,0.9,1.5,60.0,2.5,4.7,7.3,2.0,0.6,0.6,0.8,13.2,2021-22
209.0,Tre Jones,SAS,69.0,16.6,6.0,2.4,4.9,49.0,0.1,0.7,19.6,1.0,1.3,78.0,0.4,1.8,2.2,3.4,0.6,0.1,0.7,8.9,2021-22
210.0,Danny Green,PHI,62.0,21.8,5.9,2.0,5.2,39.4,1.7,4.4,38.0,0.2,0.2,78.6,0.5,2.0,2.5,1.0,1.0,0.6,0.7,7.1,2021-22
211.0,CJ Elleby,POR,58.0,20.2,5.8,2.1,5.3,39.3,0.6,2.2,29.4,1.0,1.4,71.4,1.1,2.8,3.9,1.5,0.6,0.3,1.0,7.6,2021-22
212.0,Eric Paschall,UTA,58.0,12.7,5.8,2.0,4.1,48.5,0.7,1.9,37.0,1.1,1.5,76.7,0.5,1.3,1.8,0.6,0.2,0.1,0.5,5.6,2021-22
213.0,Matisse Thybulle,PHI,66.0,25.5,5.7,2.3,4.5,50.0,0.7,2.2,31.3,0.5,0.7,79.1,0.6,1.7,2.3,1.1,1.7,1.1,0.6,9.0,2021-22
214.0,Keita Bates-Diop,SAS,59.0,16.2,5.7,2.3,4.5,51.7,0.3,0.9,30.9,0.8,1.0,75.4,1.1,2.9,3.9,0.7,0.5,0.2,0.8,7.8,2021-22
215.0,James Johnson,BKN,62.0,19.2,5.5,2.3,5.0,46.9,0.4,1.4,27.1,0.5,0.9,52.7,0.8,2.6,3.5,2.1,0.5,0.5,0.8,8.3,2021-22
216.0,Trey Murphy III,NOP,62.0,13.9,5.4,1.8,4.5,39.4,1.1,3.0,38.2,0.7,0.8,88.2,0.8,1.6,2.4,0.6,0.4,0.1,0.3,5.8,2021-22
217.0,Garrett Temple,NOP,59.0,18.6,5.2,1.9,5.0,37.6,1.0,3.1,31.9,0.5,0.7,68.3,0.5,1.9,2.4,1.3,0.7,0.4,0.7,6.0,2021-22
218.0,Facundo Campazzo,DEN,65.0,18.2,5.1,1.6,4.6,36.1,0.9,3.0,30.1,0.9,1.2,76.9,0.4,1.4,1.8,3.4,1.0,0.4,1.0,7.4,2021-22
219.0,John Konchar,MEM,72.0,17.9,4.8,1.9,3.6,51.5,0.7,1.8,41.3,0.4,0.7,55.1,1.2,3.4,4.6,1.5,0.6,0.3,0.4,9.4,2021-22
220.0,Josh Green,DAL,67.0,15.5,4.8,1.9,3.8,50.8,0.4,1.2,35.9,0.5,0.7,68.9,0.8,1.6,2.4,1.2,0.7,0.2,0.7,6.5,2021-22
221.0,Delon Wright,ATL,77.0,18.9,4.4,1.6,3.5,45.4,0.6,1.5,37.9,0.7,0.8,85.7,0.6,2.2,2.9,2.4,1.2,0.2,0.6,8.6,2021-22
222.0,Troy Brown Jr.,CHI,66.0,16.0,4.3,1.6,3.9,41.9,0.7,2.0,35.3,0.3,0.4,76.9,0.6,2.5,3.1,1.0,0.5,0.1,0.4,6.2,2021-22
223.0,Jevon Carter,MIL,66.0,13.7,4.2,1.5,3.8,38.7,1.0,2.6,38.8,0.2,0.3,83.3,0.2,1.5,1.7,1.5,0.4,0.2,0.5,5.0,2021-22
224.0,Frank Ntilikina,DAL,58.0,11.8,4.1,1.5,3.8,39.9,0.7,1.9,34.2,0.4,0.4,96.0,0.2,1.2,1.4,1.2,0.5,0.1,0.5,4.4,2021-22
225.0,Juan Toscano-Anderson,GSW,73.0,13.6,4.1,1.6,3.2,48.9,0.4,1.2,32.2,0.5,1.0,57.1,0.4,2.0,2.4,1.7,0.7,0.2,0.9,6.1,2021-22
226.0,Jordan McLaughlin,MIN,62.0,14.5,3.8,1.4,3.2,44.0,0.4,1.4,31.8,0.5,0.6,75.0,0.4,1.2,1.5,2.9,0.9,0.2,0.6,6.7,2021-22
227.0,Trent Forrest,UTA,60.0,12.8,3.3,1.3,2.6,49.0,0.1,0.5,18.5,0.6,0.8,79.2,0.4,1.3,1.7,1.8,0.5,0.1,0.8,5.0,2021-22
228.0,Dalano Banton,TOR,64.0,10.9,3.2,1.3,3.2,41.1,0.2,0.8,25.5,0.4,0.7,59.1,0.6,1.3,1.9,1.5,0.4,0.2,0.8,4.3,2021-22
1.0,Joel Embiid,PHI,66.0,34.6,33.1,11.0,20.1,54.8,1.0,3.0,33.0,10.0,11.7,85.7,1.7,8.4,10.2,4.2,1.0,1.7,3.4,35.9,2022-23
2.0,Luka Doncic,DAL,66.0,36.2,32.4,10.9,22.0,49.6,2.8,8.2,34.2,7.8,10.5,74.2,0.8,7.8,8.6,8.0,1.4,0.5,3.6,33.5,2022-23
3.0,Damian Lillard,POR,58.0,36.3,32.2,9.6,20.7,46.3,4.2,11.3,37.1,8.8,9.6,91.4,0.8,4.0,4.8,7.3,0.9,0.3,3.3,30.2,2022-23
4.0,Shai Gilgeous-Alexander,OKC,68.0,35.5,31.4,10.4,20.3,51.0,0.9,2.5,34.5,9.8,10.9,90.5,0.9,4.0,4.8,5.5,1.6,1.0,2.8,30.5,2022-23
5.0,Giannis Antetokounmpo,MIL,63.0,32.1,31.1,11.2,20.3,55.3,0.7,2.7,27.5,7.9,12.3,64.5,2.2,9.6,11.8,5.7,0.8,0.8,3.9,32.9,2022-23
6.0,Jayson Tatum,BOS,74.0,36.9,30.1,9.8,21.1,46.6,3.2,9.3,35.0,7.2,8.4,85.4,1.1,7.7,8.8,4.6,1.1,0.7,2.9,29.9,2022-23
7.0,Donovan Mitchell,CLE,68.0,35.8,28.3,10.0,20.6,48.4,3.6,9.3,38.6,4.7,5.4,86.7,0.9,3.3,4.3,4.4,1.5,0.4,2.6,24.8,2022-23
8.0,Kyrie Irving,DAL,60.0,37.4,27.1,9.9,20.1,49.4,3.1,8.3,37.9,4.1,4.6,90.5,1.0,4.1,5.1,5.5,1.1,0.8,2.1,26.8,2022-23
9.0,Jaylen Brown,BOS,67.0,35.9,26.6,10.1,20.6,49.1,2.4,7.3,33.5,3.9,5.1,76.5,1.2,5.7,6.9,3.5,1.1,0.4,2.9,23.8,2022-23
10.0,Trae Young,ATL,73.0,34.8,26.2,8.2,19.0,42.9,2.1,6.3,33.5,7.8,8.8,88.6,0.8,2.2,3.0,10.2,1.1,0.1,4.1,24.6,2022-23
11.0,Ja Morant,MEM,61.0,31.9,26.2,9.3,19.9,46.6,1.5,4.9,30.7,6.1,8.1,74.8,1.0,4.9,5.9,8.1,1.1,0.3,3.4,25.4,2022-23
12.0,Lauri Markkanen,UTA,66.0,34.4,25.6,8.7,17.3,49.9,3.0,7.7,39.1,5.3,6.0,87.5,2.0,6.7,8.6,1.9,0.6,0.6,1.9,26.0,2022-23
13.0,Julius Randle,NYK,77.0,35.5,25.1,8.5,18.6,45.9,2.8,8.3,34.3,5.2,6.9,75.7,1.8,8.1,10.0,4.1,0.6,0.3,2.8,25.6,2022-23
14.0,De'Aaron Fox,SAC,73.0,33.4,25.0,9.3,18.2,51.2,1.6,5.0,32.4,4.7,6.0,78.0,0.5,3.6,4.2,6.1,1.1,0.3,2.5,24.1,2022-23
15.0,Zach LaVine,CHI,77.0,35.9,24.8,8.7,18.0,48.5,2.6,7.1,37.5,4.7,5.6,84.8,0.5,3.9,4.5,4.2,0.9,0.2,2.5,22.1,2022-23
16.0,Anthony Edwards,MIN,79.0,36.0,24.6,8.9,19.5,45.9,2.7,7.3,36.9,4.0,5.3,75.6,0.6,5.2,5.8,4.4,1.6,0.7,3.3,22.0,2022-23
17.0,DeMar DeRozan,CHI,74.0,36.2,24.5,8.9,17.6,50.4,0.6,1.9,32.4,6.2,7.1,87.2,0.5,4.2,4.6,5.1,1.1,0.5,2.1,24.2,2022-23
18.0,Nikola Jokic,DEN,69.0,33.7,24.5,9.4,14.8,63.2,0.8,2.2,38.3,4.9,6.0,82.2,2.4,9.4,11.8,9.8,1.3,0.7,3.6,38.0,2022-23
19.0,Pascal Siakam,TOR,71.0,37.4,24.2,8.9,18.5,48.0,1.3,4.0,32.4,5.2,6.7,77.4,1.8,6.0,7.8,5.8,0.9,0.5,2.4,25.8,2022-23
20.0,Jalen Brunson,NYK,68.0,35.0,24.0,8.6,17.6,49.1,2.0,4.7,41.6,4.8,5.8,82.9,0.6,3.0,3.5,6.2,0.9,0.2,2.1,22.9,2022-23
21.0,Kristaps Porzingis,WAS,65.0,32.6,23.2,7.8,15.7,49.8,2.1,5.5,38.5,5.4,6.4,85.1,1.8,6.6,8.4,2.7,0.9,1.5,2.1,25.7,2022-23
22.0,Jimmy Butler,MIA,64.0,33.4,22.9,7.5,13.9,53.9,0.6,1.6,35.0,7.4,8.7,85.0,2.2,3.7,5.9,5.3,1.8,0.3,1.6,27.0,2022-23
23.0,Jalen Green,HOU,76.0,34.2,22.1,7.4,17.9,41.6,2.5,7.3,33.8,4.8,6.1,78.6,0.6,3.2,3.7,3.7,0.8,0.2,2.6,16.2,2022-23
24.0,Keldon Johnson,SAS,63.0,32.7,22.0,8.0,17.7,45.2,2.1,6.5,32.9,3.9,5.2,74.9,0.9,4.2,5.0,2.9,0.7,0.2,2.1,17.7,2022-23
25.0,Klay Thompson,GSW,69.0,33.0,21.9,7.9,18.1,43.6,4.4,10.6,41.2,1.7,1.9,87.9,0.6,3.6,4.1,2.4,0.7,0.4,1.8,17.3,2022-23
26.0,Darius Garland,CLE,69.0,35.5,21.6,7.6,16.4,46.2,2.4,6.0,41.0,4.0,4.7,86.3,0.4,2.3,2.7,7.8,1.2,0.1,2.9,21.1,2022-23
27.0,Bojan Bogdanovic,DET,59.0,32.1,21.6,7.3,14.9,48.8,2.5,6.0,41.1,4.5,5.1,88.4,0.6,3.2,3.8,2.6,0.6,0.1,2.3,18.1,2022-23
28.0,Desmond Bane,MEM,58.0,31.7,21.5,7.8,16.2,47.9,2.9,7.0,40.8,3.1,3.5,88.3,0.7,4.3,5.0,4.4,1.0,0.4,2.2,21.2,2022-23
29.0,Kyle Kuzma,WAS,64.0,35.0,21.2,8.0,17.8,44.8,2.5,7.5,33.3,2.7,3.7,73.0,0.9,6.4,7.2,3.7,0.6,0.5,3.0,19.4,2022-23
30.0,Terry Rozier,CHA,63.0,35.3,21.1,7.8,18.9,41.5,2.6,8.0,32.7,2.8,3.5,80.9,0.8,3.3,4.1,5.1,1.2,0.3,2.1,17.9,2022-23
31.0,Anfernee Simons,POR,62.0,35.0,21.1,7.5,16.9,44.7,3.4,9.1,37.7,2.6,2.9,89.4,0.3,2.3,2.6,4.1,0.7,0.2,2.1,17.0,2022-23
32.0,James Harden,PHI,58.0,36.8,21.0,6.4,14.5,44.1,2.8,7.2,38.5,5.4,6.2,86.7,0.7,5.4,6.1,10.7,1.2,0.5,3.4,27.2,2022-23
33.0,CJ McCollum,NOP,75.0,35.3,20.9,7.8,17.9,43.7,2.8,7.2,38.9,2.4,3.2,76.9,0.7,3.6,4.4,5.7,0.9,0.5,2.4,19.2,2022-23
34.0,Jordan Clarkson,UTA,61.0,32.6,20.8,7.5,16.9,44.4,2.5,7.5,33.8,3.3,4.0,81.6,1.2,2.9,4.0,4.4,0.5,0.2,3.0,16.9,2022-23
35.0,Jerami Grant,POR,63.0,35.7,20.5,6.9,14.5,47.5,2.3,5.7,40.1,4.4,5.4,81.3,0.8,3.7,4.5,2.4,0.8,0.8,1.8,18.5,2022-23
36.0,Dejounte Murray,ATL,74.0,36.4,20.5,8.3,17.8,46.4,1.8,5.2,34.4,2.1,2.6,83.2,0.7,4.5,5.3,6.1,1.5,0.3,2.2,21.4,2022-23
37.0,Jordan Poole,GSW,82.0,30.0,20.4,6.7,15.6,43.0,2.6,7.8,33.6,4.4,5.1,87.0,0.4,2.4,2.7,4.5,0.8,0.3,3.1,16.1,2022-23
38.0,Bam Adebayo,MIA,75.0,34.6,20.4,8.0,14.9,54.0,0.0,0.2,8.3,4.3,5.4,80.6,2.5,6.7,9.2,3.2,1.2,0.8,2.5,24.4,2022-23
39.0,Tyrese Maxey,PHI,60.0,33.6,20.3,7.3,15.2,48.1,2.7,6.2,43.4,3.0,3.6,84.5,0.4,2.6,2.9,3.5,0.8,0.1,1.3,17.9,2022-23
40.0,Mikal Bridges,BKN,83.0,35.7,20.1,7.1,15.3,46.8,2.0,5.3,38.2,3.8,4.3,89.5,1.0,3.4,4.4,3.3,1.1,0.7,1.5,19.5,2022-23
41.0,Tyler Herro,MIA,67.0,34.9,20.1,7.3,16.6,43.9,3.0,8.0,37.8,2.5,2.7,93.4,0.4,5.0,5.4,4.2,0.8,0.2,2.4,18.8,2022-23
42.0,Jamal Murray,DEN,65.0,32.8,20.0,7.3,16.0,45.4,2.6,6.6,39.8,2.8,3.3,83.3,0.7,3.2,4.0,6.2,1.0,0.2,2.2,19.8,2022-23
43.0,Paolo Banchero,ORL,72.0,33.8,20.0,6.7,15.6,42.7,1.2,4.0,29.8,5.5,7.4,73.8,1.2,5.7,6.9,3.7,0.8,0.5,2.8,18.3,2022-23
44.0,RJ Barrett,NYK,73.0,33.9,19.6,7.0,16.1,43.4,1.7,5.3,31.0,4.0,5.4,74.0,0.8,4.2,5.0,2.8,0.4,0.2,2.2,15.3,2022-23
45.0,Fred VanVleet,TOR,69.0,36.7,19.3,6.3,16.1,39.3,3.0,8.8,34.2,3.7,4.1,89.8,0.4,3.6,4.1,7.2,1.8,0.6,2.0,20.7,2022-23
46.0,Jrue Holiday,MIL,67.0,32.6,19.3,7.3,15.3,47.9,2.4,6.1,38.4,2.3,2.6,85.9,1.2,3.9,5.1,7.4,1.2,0.4,2.9,22.0,2022-23
47.0,Kevin Porter Jr.,HOU,59.0,34.3,19.2,6.6,15.0,44.2,2.4,6.5,36.6,3.5,4.5,78.4,1.3,4.0,5.3,5.7,1.4,0.3,3.2,19.4,2022-23
48.0,Domantas Sabonis,SAC,79.0,34.6,19.1,7.3,11.9,61.5,0.4,1.1,37.3,4.1,5.5,74.2,3.2,9.1,12.3,7.3,0.8,0.5,2.9,31.1,2022-23
49.0,Jaren Jackson Jr.,MEM,63.0,28.4,18.6,6.6,13.0,50.6,1.6,4.5,35.5,3.8,4.9,78.8,1.7,5.0,6.8,1.0,1.0,3.0,1.7,21.2,2022-23
50.0,Franz Wagner,ORL,80.0,32.6,18.6,6.8,14.0,48.5,1.6,4.5,36.1,3.4,4.0,84.2,0.9,3.2,4.1,3.5,1.0,0.2,2.1,17.5,2022-23
51.0,Deandre Ayton,PHX,67.0,30.4,18.0,7.8,13.2,58.9,0.1,0.4,29.2,2.3,3.0,76.0,2.6,7.4,10.0,1.7,0.6,0.8,1.8,23.0,2022-23
52.0,Myles Turner,IND,62.0,29.4,18.0,6.5,11.8,54.8,1.5,4.0,37.3,3.5,4.5,78.3,1.4,6.1,7.5,1.4,0.6,2.3,1.7,21.8,2022-23
53.0,D'Angelo Russell,LAL,71.0,32.5,17.8,6.3,13.4,46.9,2.7,6.9,39.6,2.5,3.0,82.9,0.5,2.5,3.0,6.2,1.0,0.4,2.6,18.1,2022-23
54.0,Nikola Vucevic,CHI,82.0,33.5,17.6,7.3,14.0,52.0,1.5,4.2,34.9,1.6,1.9,83.5,1.9,9.1,11.0,3.2,0.7,0.7,1.7,24.6,2022-23
55.0,Michael Porter Jr.,DEN,62.0,29.0,17.4,6.4,13.2,48.7,3.0,7.3,41.4,1.5,1.9,80.0,1.0,4.5,5.5,1.0,0.6,0.5,1.1,16.8,2022-23
56.0,Gary Trent Jr.,TOR,66.0,32.1,17.4,6.1,14.2,43.3,2.5,6.8,36.9,2.6,3.1,83.9,0.5,2.2,2.6,1.6,1.6,0.2,0.8,14.0,2022-23
57.0,Spencer Dinwiddie,BKN,79.0,34.5,17.3,5.8,13.3,43.8,2.3,6.2,36.9,3.4,4.2,81.2,0.4,3.1,3.4,6.5,0.8,0.3,1.8,18.3,2022-23
58.0,Norman Powell,LAC,60.0,26.1,17.0,5.7,11.8,47.9,1.9,4.8,39.7,3.8,4.6,81.2,0.4,2.5,2.9,1.8,0.8,0.3,1.7,14.1,2022-23
59.0,Buddy Hield,IND,80.0,31.0,16.8,5.9,13.0,45.8,3.6,8.5,42.5,1.3,1.6,82.2,0.8,4.2,5.0,2.8,1.2,0.3,1.7,17.0,2022-23
60.0,OG Anunoby,TOR,67.0,35.6,16.8,6.3,13.2,47.6,2.1,5.5,38.7,2.1,2.5,83.8,1.4,3.5,5.0,2.0,1.9,0.7,2.0,17.0,2022-23
61.0,Bennedict Mathurin,IND,78.0,28.5,16.7,5.3,12.2,43.4,1.3,4.0,32.3,4.8,5.8,82.8,1.1,3.0,4.1,1.5,0.6,0.2,1.9,13.2,2022-23
62.0,Christian Wood,DAL,67.0,25.9,16.6,5.9,11.5,51.5,1.6,4.2,37.6,3.2,4.2,77.2,1.3,6.0,7.3,1.8,0.4,1.1,1.8,19.0,2022-23
63.0,Josh Giddey,OKC,76.0,31.1,16.6,7.1,14.7,48.2,1.0,3.1,32.5,1.4,1.9,73.1,1.9,5.9,7.9,6.2,0.8,0.4,2.8,20.9,2022-23
64.0,Aaron Gordon,DEN,68.0,30.2,16.3,6.3,11.2,56.4,0.9,2.5,34.7,2.8,4.6,60.8,2.4,4.1,6.6,3.0,0.8,0.8,1.4,19.3,2022-23
65.0,Jaden Ivey,DET,74.0,31.1,16.3,5.5,13.3,41.6,1.6,4.7,34.3,3.6,4.8,74.7,1.0,2.9,3.9,5.2,0.8,0.2,3.2,14.3,2022-23
66.0,Evan Mobley,CLE,79.0,34.4,16.2,6.6,12.0,55.4,0.3,1.3,21.6,2.6,3.8,67.4,2.4,6.6,9.0,2.8,0.8,1.5,1.8,21.8,2022-23
67.0,Brook Lopez,MIL,78.0,30.4,15.9,6.1,11.5,53.1,1.7,4.7,37.4,1.9,2.4,78.4,2.0,4.7,6.7,1.3,0.5,2.5,1.4,19.5,2022-23
68.0,Russell Westbrook,LAC,73.0,29.1,15.9,5.9,13.6,43.6,1.2,3.9,31.1,2.8,4.3,65.6,1.2,4.6,5.8,7.5,1.0,0.5,3.5,18.1,2022-23
69.0,P.J. Washington,CHA,73.0,32.6,15.7,5.9,13.4,44.4,2.0,5.9,34.8,1.7,2.4,73.0,1.0,3.9,4.9,2.4,0.9,1.1,1.5,15.4,2022-23
70.0,De'Andre Hunter,ATL,67.0,31.7,15.4,5.7,12.3,46.1,1.5,4.3,35.0,2.6,3.1,82.6,0.7,3.6,4.2,1.4,0.5,0.3,1.2,13.4,2022-23
71.0,Scottie Barnes,TOR,77.0,34.8,15.3,6.0,13.2,45.6,0.8,2.9,28.1,2.5,3.2,77.2,2.3,4.3,6.6,4.8,1.1,0.8,2.0,18.7,2022-23
72.0,Kevin Huerter,SAC,75.0,29.4,15.2,5.6,11.5,48.5,2.7,6.8,40.2,1.3,1.7,72.5,0.6,2.8,3.3,2.9,1.1,0.3,1.3,15.2,2022-23
73.0,Harrison Barnes,SAC,82.0,32.5,15.0,4.6,9.6,47.3,1.6,4.3,37.4,4.3,5.0,84.7,1.1,3.4,4.5,1.6,0.7,0.1,1.0,14.9,2022-23
74.0,Immanuel Quickley,NYK,81.0,28.9,14.9,5.2,11.6,44.8,2.1,5.6,37.0,2.5,3.1,81.9,0.7,3.4,4.2,3.4,1.0,0.2,1.2,15.5,2022-23
75.0,Malcolm Brogdon,BOS,67.0,26.0,14.9,5.3,10.9,48.4,2.0,4.4,44.4,2.4,2.7,87.0,0.6,3.6,4.2,3.7,0.7,0.3,1.5,16.3,2022-23
76.0,Alperen Sengun,HOU,75.0,28.9,14.8,5.9,10.7,55.3,0.3,0.8,33.3,2.7,3.8,71.5,3.2,5.8,9.0,3.9,0.9,0.9,2.6,21.1,2022-23
77.0,Tobias Harris,PHI,74.0,32.9,14.7,5.7,11.4,50.1,1.7,4.4,38.9,1.5,1.7,87.6,0.9,4.8,5.7,2.5,0.9,0.5,1.2,17.2,2022-23
78.0,Trey Murphy III,NOP,79.0,31.0,14.5,4.9,10.1,48.4,2.6,6.3,40.6,2.2,2.4,90.5,0.7,2.8,3.6,1.4,1.1,0.5,0.8,14.9,2022-23
79.0,Tim Hardaway Jr.,DAL,71.0,30.3,14.4,4.8,11.9,40.1,3.0,7.7,38.5,1.8,2.3,77.0,0.3,3.2,3.5,1.8,0.7,0.2,0.8,12.0,2022-23
80.0,Dillon Brooks,MEM,73.0,30.3,14.3,5.4,13.6,39.6,2.0,6.0,32.6,1.6,2.1,77.9,0.6,2.7,3.3,2.6,0.9,0.2,1.4,11.3,2022-23
81.0,Jarrett Allen,CLE,68.0,32.6,14.3,5.9,9.2,64.4,0.0,0.1,10.0,2.4,3.3,73.3,3.3,6.5,9.8,1.7,0.8,1.2,1.4,22.2,2022-23
82.0,Jonas Valanciunas,NOP,79.0,24.9,14.1,5.6,10.3,54.7,0.5,1.4,34.9,2.3,2.8,82.6,2.8,7.3,10.2,1.8,0.3,0.7,2.0,19.8,2022-23
83.0,Bobby Portis,MIL,70.0,26.0,14.1,5.7,11.5,49.6,1.4,3.7,37.0,1.4,1.8,76.8,2.2,7.4,9.6,1.5,0.4,0.2,1.2,18.5,2022-23
84.0,Jalen Williams,OKC,75.0,30.3,14.1,5.5,10.6,52.1,1.0,2.7,35.6,2.1,2.5,81.2,1.1,3.4,4.5,3.3,1.4,0.5,1.6,16.5,2022-23
85.0,Markelle Fultz,ORL,60.0,29.6,14.0,5.8,11.3,51.4,0.5,1.5,31.0,1.9,2.4,78.3,1.2,2.8,3.9,5.7,1.5,0.4,2.3,17.1,2022-23
86.0,Chris Paul,PHX,59.0,32.0,13.9,5.0,11.3,44.0,1.7,4.4,37.5,2.3,2.7,83.1,0.5,3.8,4.3,8.9,1.5,0.4,1.9,20.2,2022-23
87.0,Saddiq Bey,ATL,77.0,27.6,13.8,4.6,10.9,42.2,2.0,5.4,36.1,2.7,3.1,86.1,1.3,3.4,4.7,1.5,0.9,0.2,0.9,13.5,2022-23
88.0,Luguentz Dort,OKC,74.0,30.7,13.7,4.6,11.8,38.8,1.8,5.5,33.0,2.7,3.5,77.2,1.7,2.9,4.6,2.1,1.0,0.3,1.2,12.5,2022-23
89.0,Malik Monk,SAC,77.0,22.3,13.5,4.6,10.3,44.8,1.9,5.2,35.9,2.4,2.7,88.9,0.4,2.2,2.6,3.9,0.6,0.3,1.9,13.0,2022-23
90.0,Rudy Gobert,MIN,70.0,30.7,13.4,5.1,7.8,65.9,0.0,0.0,0.0,3.1,4.9,64.4,3.3,8.3,11.6,1.2,0.8,1.4,1.7,22.3,2022-23
91.0,John Collins,ATL,71.0,30.0,13.1,5.1,10.0,50.8,1.0,3.4,29.2,2.0,2.5,80.3,1.1,5.4,6.5,1.2,0.6,1.0,1.1,15.9,2022-23
92.0,Cole Anthony,ORL,60.0,25.9,13.0,4.6,10.2,45.4,1.3,3.4,36.4,2.5,2.8,89.4,0.8,4.0,4.8,3.9,0.6,0.5,1.5,15.5,2022-23
93.0,Austin Reaves,LAL,64.0,28.8,13.0,4.0,7.7,52.9,1.3,3.4,39.8,3.6,4.1,86.4,0.5,2.5,3.0,3.4,0.5,0.3,1.5,14.5,2022-23
94.0,Tre Jones,SAS,68.0,29.2,12.9,5.0,10.9,45.9,0.7,2.3,28.5,2.2,2.5,86.0,0.8,2.8,3.6,6.6,1.3,0.1,1.6,16.6,2022-23
95.0,Jabari Smith Jr.,HOU,79.0,31.0,12.8,4.6,11.3,40.8,1.5,4.9,30.7,2.1,2.6,78.6,1.5,5.7,7.2,1.3,0.5,0.9,1.3,14.2,2022-23
96.0,KJ Martin,HOU,82.0,28.0,12.7,5.0,8.8,56.9,0.8,2.6,31.5,1.8,2.7,68.0,1.5,4.0,5.5,1.5,0.5,0.4,1.1,14.8,2022-23
97.0,Malik Beasley,LAL,81.0,25.8,12.7,4.6,11.6,39.5,2.9,8.1,35.7,0.6,0.8,76.9,0.4,3.1,3.5,1.5,0.8,0.1,1.1,10.3,2022-23
98.0,Nic Claxton,BKN,76.0,29.9,12.6,5.4,7.7,70.5,0.0,0.0,0.0,1.8,3.2,54.1,2.4,6.8,9.2,1.9,0.9,2.5,1.3,22.1,2022-23
99.0,Jakob Poeltl,TOR,72.0,26.5,12.5,5.4,8.6,62.9,0.0,0.0,0.0,1.7,2.8,59.2,3.3,5.8,9.1,2.7,0.9,1.2,1.7,20.3,2022-23
100.0,Kelly Olynyk,UTA,68.0,28.6,12.5,4.1,8.2,49.9,1.4,3.5,39.4,2.9,3.4,85.3,1.2,5.0,6.2,3.7,0.9,0.5,2.5,16.7,2022-23
101.0,Eric Gordon,LAC,69.0,28.5,12.4,4.2,9.5,44.6,1.9,5.2,37.1,2.1,2.5,82.1,0.2,1.7,1.9,2.7,0.6,0.4,1.5,10.8,2022-23
102.0,Derrick White,BOS,82.0,28.3,12.4,4.3,9.2,46.2,1.8,4.8,38.1,2.0,2.3,87.5,0.6,2.9,3.6,3.9,0.7,0.9,1.2,15.0,2022-23
103.0,Dennis Schroder,LAL,67.0,29.6,12.4,4.0,9.7,41.5,1.1,3.4,32.9,3.2,3.8,85.7,0.3,2.1,2.5,4.4,0.7,0.1,1.7,12.3,2022-23
104.0,Keegan Murray,SAC,80.0,29.8,12.2,4.4,9.8,45.3,2.6,6.3,41.1,0.8,1.0,76.5,1.1,3.5,4.6,1.2,0.8,0.5,0.8,13.0,2022-23
105.0,Caris LeVert,CLE,74.0,30.2,12.1,4.3,10.0,43.1,1.7,4.4,39.2,1.8,2.4,72.2,0.7,3.1,3.8,3.9,1.0,0.3,1.6,13.2,2022-23
106.0,Jaden McDaniels,MIN,79.0,30.6,12.1,4.7,9.1,51.7,1.4,3.4,39.8,1.3,1.8,73.6,1.2,2.7,3.9,1.9,0.9,1.0,1.4,13.4,2022-23
107.0,Clint Capela,ATL,65.0,26.6,12.0,5.4,8.2,65.3,0.0,0.0,0.0,1.2,2.0,60.3,4.0,7.1,11.0,0.9,0.7,1.2,0.8,21.3,2022-23
108.0,Mike Conley,MIN,67.0,30.3,11.9,3.9,9.1,42.8,2.0,5.2,38.5,2.1,2.5,83.4,0.5,2.2,2.7,6.7,1.1,0.2,1.5,15.5,2022-23
109.0,Zach Collins,SAS,63.0,22.9,11.6,4.5,8.7,51.8,0.9,2.3,37.4,1.7,2.3,76.1,1.8,4.5,6.4,2.9,0.6,0.8,2.0,15.4,2022-23
110.0,Bruce Brown,DEN,80.0,28.5,11.5,4.5,9.3,48.3,1.1,3.2,35.8,1.5,1.9,75.8,0.8,3.3,4.1,3.4,1.1,0.6,1.5,13.9,2022-23
110.0,Max Strus,MIA,80.0,28.4,11.5,4.1,9.9,41.0,2.5,7.0,35.0,1.0,1.1,87.6,0.6,2.6,3.2,2.1,0.5,0.2,0.9,10.7,2022-23
112.0,Marcus Smart,BOS,61.0,32.1,11.5,4.1,9.9,41.5,1.9,5.6,33.6,1.4,1.9,74.6,0.8,2.4,3.1,6.3,1.5,0.4,2.3,14.2,2022-23
113.0,Naz Reid,MIN,68.0,18.4,11.5,4.6,8.5,53.7,1.1,3.2,34.6,1.3,1.9,67.7,1.1,3.8,4.9,1.1,0.6,0.8,1.4,13.0,2022-23
114.0,Quentin Grimes,NYK,71.0,29.9,11.3,4.0,8.5,46.8,2.2,5.7,38.6,1.1,1.4,79.6,0.7,2.5,3.2,2.1,0.7,0.4,1.0,11.9,2022-23
115.0,Rui Hachimura,LAL,63.0,23.3,11.2,4.5,9.3,48.6,0.8,2.5,31.9,1.4,1.9,73.9,0.8,3.7,4.5,0.9,0.3,0.4,0.8,11.3,2022-23
116.0,Marcus Morris Sr.,LAC,65.0,28.1,11.2,4.2,9.9,42.6,1.7,4.7,36.4,1.0,1.3,78.2,0.4,3.5,4.0,1.8,0.6,0.3,0.9,11.1,2022-23
117.0,Corey Kispert,WAS,74.0,28.3,11.1,3.9,7.9,49.7,2.2,5.2,42.4,1.0,1.2,85.2,0.4,2.4,2.8,1.2,0.4,0.1,0.7,10.7,2022-23
118.0,Mason Plumlee,LAC,79.0,26.0,10.8,4.2,6.1,68.0,0.0,0.0,0.0,2.5,4.0,63.6,2.9,6.0,8.9,3.1,0.6,0.6,1.5,19.1,2022-23
119.0,Jaylen Nowell,MIN,65.0,19.3,10.8,4.3,9.6,44.8,1.0,3.6,28.9,1.2,1.5,77.8,0.6,2.1,2.6,2.0,0.6,0.1,1.0,9.6,2022-23
120.0,Kentavious Caldwell-Pope,DEN,76.0,31.3,10.8,3.8,8.3,46.2,1.8,4.2,42.3,1.4,1.6,82.4,0.5,2.3,2.7,2.4,1.5,0.5,1.1,12.0,2022-23
121.0,Ivica Zubac,LAC,76.0,28.5,10.8,4.3,6.8,63.4,0.0,0.0,0.0,2.2,3.1,69.7,3.1,6.8,9.9,1.0,0.4,1.3,1.5,18.4,2022-23
122.0,Talen Horton-Tucker,UTA,65.0,20.2,10.7,4.0,9.4,41.9,0.9,3.1,28.6,1.9,2.6,75.0,0.6,2.6,3.2,3.8,0.6,0.4,1.9,10.8,2022-23
123.0,Grayson Allen,MIL,72.0,27.4,10.4,3.4,7.7,44.0,2.0,5.1,39.9,1.6,1.8,90.5,0.8,2.4,3.3,2.3,0.9,0.2,1.0,11.5,2022-23
124.0,Killian Hayes,DET,76.0,28.3,10.3,4.0,10.7,37.7,1.1,3.8,28.0,1.2,1.5,82.1,0.4,2.5,2.9,6.2,1.4,0.4,2.3,11.9,2022-23
125.0,Tyus Jones,MEM,80.0,24.2,10.3,3.9,8.9,43.8,1.5,4.1,37.1,1.0,1.3,80.0,0.4,2.2,2.5,5.2,1.0,0.1,0.9,13.0,2022-23
126.0,Monte Morris,WAS,62.0,27.4,10.3,4.0,8.3,48.0,1.3,3.3,38.2,1.0,1.2,83.1,0.4,3.0,3.4,5.3,0.7,0.2,1.0,14.3,2022-23
127.0,Doug McDermott,SAS,64.0,20.5,10.2,3.7,8.2,45.7,1.9,4.7,41.3,0.8,1.1,75.7,0.4,1.8,2.2,1.4,0.2,0.1,0.9,8.5,2022-23
128.0,Malaki Branham,SAS,66.0,23.5,10.2,4.1,9.3,44.0,1.2,3.9,30.2,0.9,1.1,82.9,0.4,2.3,2.7,1.9,0.5,0.1,1.2,9.0,2022-23
129.0,Reggie Jackson,DEN,68.0,24.4,10.2,3.9,9.4,41.1,1.4,4.2,33.3,1.0,1.1,91.0,0.4,1.8,2.1,3.4,0.7,0.1,1.7,9.2,2022-23
130.0,Patrick Williams,CHI,82.0,28.3,10.2,3.8,8.3,46.4,1.4,3.4,41.5,1.1,1.3,85.7,1.0,3.0,4.0,1.2,0.9,0.9,1.2,11.3,2022-23
131.0,De'Anthony Melton,PHI,77.0,27.9,10.1,3.6,8.5,42.5,2.0,5.2,39.0,0.9,1.1,79.3,0.9,3.2,4.1,2.6,1.6,0.5,1.3,12.5,2022-23
132.0,Aaron Nesmith,IND,73.0,24.9,10.1,3.5,8.1,42.7,1.6,4.3,36.6,1.6,1.9,83.8,0.8,2.9,3.8,1.3,0.8,0.5,1.0,10.5,2022-23
133.0,Josh Richardson,NOP,65.0,23.5,10.1,3.7,8.5,43.1,1.6,4.5,36.5,1.1,1.2,85.2,0.6,2.1,2.7,2.7,1.1,0.3,1.3,10.4,2022-23
134.0,Jonathan Kuminga,GSW,67.0,20.8,9.9,3.9,7.4,52.5,0.8,2.2,37.0,1.3,2.1,65.2,1.0,2.4,3.4,1.9,0.6,0.5,1.4,10.7,2022-23
135.0,Onyeka Okongwu,ATL,80.0,23.1,9.9,4.0,6.2,63.8,0.1,0.2,30.8,1.9,2.5,78.1,2.7,4.5,7.2,1.0,0.7,1.3,1.0,16.3,2022-23
136.0,Shaedon Sharpe,POR,80.0,22.2,9.9,3.8,8.1,47.2,1.3,3.5,36.0,0.9,1.3,71.4,0.8,2.2,3.0,1.2,0.5,0.3,1.0,9.1,2022-23
137.0,Herbert Jones,NOP,66.0,29.6,9.8,3.6,7.6,46.9,0.8,2.5,33.5,1.9,2.4,76.4,1.5,2.6,4.1,2.5,1.6,0.6,1.3,12.6,2022-23
138.0,Thomas Bryant,DEN,59.0,18.3,9.8,3.9,6.3,62.3,0.4,1.0,44.1,1.6,2.1,73.8,1.5,4.3,5.7,0.5,0.3,0.5,0.6,13.3,2022-23
139.0,Al Horford,BOS,63.0,30.5,9.8,3.6,7.6,47.6,2.3,5.2,44.6,0.2,0.3,71.4,1.2,5.0,6.2,3.0,0.5,1.0,0.6,15.7,2022-23
140.0,Josh Hart,NYK,76.0,32.3,9.8,3.6,6.8,52.9,0.8,2.2,37.2,1.7,2.3,75.0,1.9,5.9,7.8,3.8,1.2,0.3,1.5,17.5,2022-23
141.0,Coby White,CHI,74.0,23.4,9.7,3.6,8.0,44.3,1.7,4.6,37.2,0.8,0.9,87.1,0.2,2.6,2.9,2.8,0.7,0.1,1.0,10.5,2022-23
142.0,Keita Bates-Diop,SAS,67.0,21.7,9.7,3.5,6.9,50.8,0.8,2.1,39.4,1.8,2.2,79.3,1.0,2.7,3.7,1.5,0.7,0.3,0.8,11.2,2022-23
143.0,Caleb Martin,MIA,71.0,29.3,9.6,3.6,7.7,46.4,1.2,3.3,35.6,1.3,1.6,80.5,1.2,3.6,4.8,1.6,1.0,0.4,1.1,12.0,2022-23
144.0,Isaiah Joe,OKC,73.0,19.1,9.5,3.1,7.0,44.1,2.2,5.4,40.9,1.1,1.4,82.0,0.4,2.0,2.4,1.2,0.7,0.1,0.5,9.2,2022-23
145.0,Andrew Nembhard,IND,75.0,27.7,9.5,3.8,8.6,44.1,1.2,3.5,35.0,0.7,0.8,79.0,0.5,2.2,2.7,4.5,0.9,0.2,1.7,11.1,2022-23
146.0,Jalen Smith,IND,68.0,18.8,9.4,3.6,7.5,47.6,0.8,2.8,28.3,1.5,2.0,75.9,1.9,3.9,5.8,1.0,0.3,0.9,1.1,11.9,2022-23
147.0,Jalen McDaniels,PHI,80.0,23.9,9.4,3.5,7.7,45.5,1.0,2.9,33.2,1.5,1.7,84.1,0.8,3.5,4.3,1.6,1.0,0.4,1.2,11.2,2022-23
148.0,Gabe Vincent,MIA,68.0,25.9,9.4,3.4,8.3,40.2,1.7,5.1,33.4,1.0,1.1,87.2,0.4,1.7,2.1,2.5,0.9,0.1,1.4,8.5,2022-23
149.0,Donte DiVincenzo,GSW,72.0,26.3,9.4,3.3,7.5,43.5,2.1,5.3,39.7,0.8,1.0,81.7,1.1,3.4,4.5,3.5,1.3,0.1,1.6,12.9,2022-23
150.0,Kyle Anderson,MIN,69.0,28.4,9.4,3.7,7.2,50.9,0.6,1.5,41.0,1.4,2.0,73.5,1.0,4.4,5.3,4.9,1.1,0.9,1.5,16.1,2022-23
151.0,Chris Boucher,TOR,76.0,20.0,9.4,3.4,7.0,49.3,0.8,2.5,32.8,1.7,2.2,76.2,2.1,3.5,5.5,0.4,0.6,0.8,0.5,12.2,2022-23
152.0,Tari Eason,HOU,82.0,21.5,9.3,3.6,8.0,44.8,0.7,2.1,34.3,1.3,1.8,75.2,2.4,3.7,6.0,1.1,1.2,0.6,1.2,12.0,2022-23
153.0,Luke Kennard,MEM,59.0,22.3,9.3,3.2,6.5,49.2,2.3,4.6,49.4,0.6,0.7,94.9,0.3,2.4,2.7,1.5,0.5,0.1,0.8,10.0,2022-23
154.0,Seth Curry,BKN,61.0,19.9,9.2,3.4,7.4,46.3,1.5,3.8,40.5,0.8,0.9,92.7,0.2,1.4,1.6,1.6,0.6,0.1,0.8,8.3,2022-23
155.0,Walker Kessler,UTA,74.0,23.0,9.2,4.0,5.6,72.0,0.0,0.0,33.3,1.1,2.1,51.6,3.1,5.3,8.4,0.9,0.4,2.3,0.8,17.8,2022-23
156.0,Deni Avdija,WAS,76.0,26.6,9.2,3.3,7.6,43.7,0.9,3.1,29.7,1.6,2.2,73.9,1.0,5.4,6.4,2.8,0.9,0.4,1.6,13.1,2022-23
157.0,Jalen Duren,DET,67.0,24.9,9.1,3.9,5.9,64.8,0.0,0.0,0.0,1.4,2.3,61.1,3.4,5.5,8.9,1.1,0.7,0.9,1.4,16.3,2022-23
158.0,Josh Green,DAL,60.0,25.7,9.1,3.4,6.4,53.7,1.1,2.8,40.2,1.1,1.6,72.3,0.9,2.1,3.0,1.7,0.7,0.1,1.2,10.1,2022-23
159.0,Naji Marshall,NOP,77.0,23.3,9.1,3.2,7.4,43.3,0.9,2.8,30.3,1.8,2.3,78.9,0.6,3.0,3.6,2.5,0.7,0.2,1.3,10.1,2022-23
160.0,Bol Bol,ORL,70.0,21.5,9.1,3.7,6.8,54.6,0.4,1.6,26.5,1.2,1.5,75.9,1.0,4.8,5.8,1.0,0.4,1.2,1.6,12.4,2022-23
161.0,Santi Aldama,MEM,77.0,21.8,9.0,3.2,6.8,47.0,1.2,3.5,35.3,1.4,1.9,75.0,1.1,3.7,4.8,1.3,0.6,0.6,0.8,11.5,2022-23
162.0,Daniel Gafford,WAS,78.0,20.6,9.0,3.7,5.1,73.2,0.0,0.0,0.0,1.6,2.4,67.9,2.1,3.5,5.6,1.1,0.4,1.3,1.1,14.1,2022-23
163.0,Jose Alvarado,NOP,61.0,21.5,9.0,3.3,8.0,41.1,1.4,4.0,33.6,1.1,1.3,81.3,0.5,1.9,2.3,3.0,1.1,0.2,1.3,9.3,2022-23
164.0,AJ Griffin,ATL,72.0,19.5,8.9,3.4,7.4,46.5,1.4,3.6,39.0,0.6,0.7,89.4,0.5,1.6,2.1,1.0,0.6,0.2,0.6,8.2,2022-23
165.0,Royce O'Neale,BKN,76.0,31.7,8.8,3.0,7.8,38.6,2.1,5.5,38.9,0.7,0.9,72.5,0.7,4.3,5.1,3.7,0.9,0.6,1.5,12.6,2022-23
166.0,Terance Mann,LAC,81.0,23.1,8.8,3.4,6.5,51.9,1.0,2.4,38.9,1.1,1.5,78.0,1.0,2.5,3.4,2.3,0.5,0.3,1.0,10.9,2022-23
167.0,Jordan Nwora,IND,62.0,19.2,8.7,3.1,7.2,43.6,1.4,3.4,40.8,1.1,1.4,79.1,0.8,2.9,3.7,1.4,0.4,0.2,1.1,9.1,2022-23
168.0,Cedi Osman,CLE,77.0,20.1,8.7,3.1,6.9,45.1,1.5,4.1,37.2,1.0,1.4,69.4,0.3,2.0,2.3,1.5,0.5,0.1,0.7,8.2,2022-23
169.0,T.J. McConnell,IND,75.0,20.3,8.7,3.8,6.9,54.3,0.3,0.8,44.1,0.8,0.9,85.3,0.6,2.5,3.1,5.3,1.1,0.1,1.9,13.1,2022-23
170.0,Ayo Dosunmu,CHI,80.0,26.2,8.6,3.5,7.1,49.3,0.7,2.4,31.2,0.8,1.0,80.5,0.6,2.2,2.8,2.6,0.8,0.3,1.2,10.0,2022-23
171.0,Draymond Green,GSW,73.0,31.5,8.5,3.4,6.5,52.7,0.5,1.8,30.5,1.1,1.5,71.3,0.9,6.3,7.2,6.8,1.0,0.8,2.8,18.0,2022-23
172.0,Shake Milton,PHI,76.0,20.6,8.4,3.2,6.6,47.9,0.7,1.9,37.8,1.3,1.5,85.3,0.5,2.0,2.5,3.2,0.3,0.2,1.2,9.6,2022-23
173.0,Dorian Finney-Smith,BKN,66.0,30.4,8.3,3.0,7.6,39.1,1.7,5.1,33.7,0.7,0.9,76.3,1.7,3.1,4.8,1.5,0.8,0.5,0.9,10.3,2022-23
174.0,Terrence Ross,PHX,63.0,21.1,8.3,3.2,7.4,43.0,1.5,4.1,36.8,0.4,0.5,79.4,0.3,2.1,2.4,1.5,0.6,0.2,0.7,8.0,2022-23
175.0,Kevin Love,MIA,62.0,20.0,8.2,2.7,6.8,38.9,1.6,4.8,33.4,1.3,1.5,87.9,1.0,5.5,6.4,1.9,0.3,0.2,1.1,11.5,2022-23
176.0,Nick Richards,CHA,65.0,18.7,8.2,3.0,4.8,62.9,0.0,0.0,100.0,2.1,2.8,74.9,2.3,4.1,6.4,0.6,0.2,1.1,0.9,13.0,2022-23
177.0,Georges Niang,PHI,78.0,19.4,8.2,2.8,6.4,44.2,2.0,4.9,40.1,0.5,0.6,86.7,0.2,2.1,2.4,1.0,0.4,0.2,0.7,7.7,2022-23
178.0,Damion Lee,PHX,74.0,20.4,8.2,2.7,6.1,44.2,1.5,3.3,44.5,1.3,1.4,90.4,0.5,2.5,3.0,1.3,0.4,0.1,1.1,8.4,2022-23
179.0,Grant Williams,BOS,79.0,25.9,8.1,2.7,6.0,45.4,1.5,3.7,39.5,1.2,1.5,77.0,1.1,3.5,4.6,1.7,0.5,0.4,1.0,10.6,2022-23
180.0,Jevon Carter,MIL,81.0,22.4,8.0,3.0,7.0,42.3,1.8,4.2,42.1,0.4,0.5,81.6,0.4,2.1,2.5,2.4,0.8,0.4,1.0,9.1,2022-23
181.0,Jarred Vanderbilt,LAL,78.0,24.1,7.9,3.2,5.8,54.8,0.4,1.2,32.2,1.2,1.8,69.1,2.2,5.3,7.5,2.4,1.1,0.3,1.2,14.7,2022-23
182.0,Ochai Agbaji,UTA,59.0,20.5,7.9,2.8,6.5,42.7,1.4,3.9,35.5,0.9,1.2,81.2,0.7,1.3,2.1,1.1,0.3,0.3,0.7,7.0,2022-23
183.0,Tre Mann,OKC,67.0,17.7,7.7,2.9,7.5,39.3,1.2,3.8,31.5,0.6,0.8,76.4,0.4,1.9,2.3,1.8,0.6,0.2,0.9,6.9,2022-23
184.0,Pat Connaughton,MIL,61.0,23.7,7.6,2.7,6.9,39.2,1.8,5.3,33.9,0.4,0.7,65.9,0.8,3.8,4.6,1.3,0.6,0.2,0.5,9.4,2022-23
185.0,Joe Harris,BKN,74.0,20.6,7.6,2.7,5.9,45.7,1.9,4.5,42.6,0.2,0.4,64.3,0.3,1.9,2.2,1.4,0.5,0.2,0.6,7.9,2022-23
185.0,Trey Lyles,SAC,74.0,16.9,7.6,2.5,5.5,45.8,1.2,3.2,36.3,1.4,1.7,81.5,0.9,3.1,4.1,0.9,0.4,0.4,0.9,9.2,2022-23
187.0,Torrey Craig,PHX,79.0,24.7,7.4,2.9,6.3,45.6,1.3,3.2,39.5,0.4,0.6,71.1,1.8,3.6,5.4,1.5,0.6,0.8,0.9,11.2,2022-23
188.0,Obi Toppin,NYK,67.0,15.7,7.4,2.8,6.3,44.6,1.3,3.7,34.4,0.6,0.7,80.9,0.4,2.4,2.8,1.0,0.3,0.2,0.6,7.6,2022-23
189.0,Trendon Watford,POR,62.0,19.1,7.4,2.9,5.2,56.0,0.4,1.0,39.1,1.2,1.6,72.0,0.7,3.2,3.8,2.1,0.5,0.2,1.1,10.2,2022-23
190.0,Devonte' Graham,SAS,73.0,18.3,7.4,2.2,5.9,37.4,1.6,4.6,35.2,1.3,1.8,74.8,0.3,1.4,1.7,2.7,0.6,0.2,0.7,7.7,2022-23
191.0,Mitchell Robinson,NYK,59.0,26.9,7.4,3.2,4.7,67.1,0.0,0.0,0.0,1.0,2.1,48.4,4.5,4.9,9.4,0.9,0.9,1.8,0.7,17.2,2022-23
192.0,Josh Okogie,PHX,72.0,18.8,7.3,2.3,5.8,39.1,0.9,2.7,33.5,1.9,2.7,72.4,1.5,2.0,3.5,1.5,0.8,0.5,0.9,8.4,2022-23
193.0,Isaiah Jackson,IND,63.0,16.5,7.2,2.8,5.0,56.3,0.0,0.2,14.3,1.5,2.3,65.1,1.8,2.7,4.5,0.8,0.5,1.5,0.8,10.7,2022-23
194.0,Reggie Bullock Jr.,DAL,78.0,30.3,7.2,2.5,6.0,40.9,1.9,5.1,38.0,0.3,0.5,70.3,0.4,3.2,3.6,1.4,0.7,0.2,0.5,8.9,2022-23
195.0,Troy Brown Jr.,LAL,76.0,24.5,7.1,2.6,6.1,43.0,1.4,3.7,38.1,0.4,0.5,87.2,0.8,3.2,4.1,1.3,0.8,0.2,0.6,9.2,2022-23
196.0,Kendrick Nunn,WAS,70.0,13.8,7.1,2.7,6.4,42.4,1.1,3.2,35.4,0.5,0.6,85.4,0.2,1.3,1.6,1.3,0.4,0.1,0.9,5.7,2022-23
197.0,Kevon Looney,GSW,82.0,23.9,7.0,3.0,4.7,63.0,0.0,0.0,0.0,1.1,1.9,60.6,3.3,5.9,9.3,2.5,0.6,0.6,0.5,17.1,2022-23
198.0,Xavier Tillman,MEM,61.0,19.3,7.0,3.1,5.0,61.4,0.1,0.2,26.7,0.8,1.5,55.1,2.0,3.0,5.0,1.6,1.0,0.5,0.7,11.8,2022-23
199.0,Cory Joseph,DET,62.0,19.8,6.9,2.4,5.7,42.7,1.1,2.9,38.9,0.9,1.2,79.2,0.3,1.4,1.7,3.5,0.5,0.1,0.9,8.4,2022-23
200.0,Aaron Wiggins,OKC,70.0,18.5,6.8,2.7,5.2,51.2,0.7,1.7,39.3,0.8,1.0,83.1,1.0,2.0,3.0,1.1,0.6,0.2,0.8,8.3,2022-23
201.0,Larry Nance Jr.,NOP,65.0,21.2,6.8,2.9,4.7,61.0,0.2,0.6,33.3,0.8,1.2,69.6,1.6,3.8,5.4,1.8,0.9,0.6,0.6,12.6,2022-23
202.0,Terence Davis,SAC,64.0,13.1,6.7,2.4,5.7,42.3,1.4,3.8,36.6,0.5,0.7,79.1,0.3,1.9,2.2,1.0,0.7,0.2,0.8,6.6,2022-23
203.0,Anthony Lamb,GSW,62.0,19.3,6.7,2.4,5.1,47.1,1.2,3.2,36.7,0.7,1.0,76.7,0.9,2.6,3.5,1.5,0.5,0.3,0.9,8.7,2022-23
204.0,Dwight Powell,DAL,76.0,19.2,6.7,2.6,3.5,73.2,0.0,0.1,0.0,1.5,2.2,66.7,2.0,2.2,4.1,0.9,0.6,0.3,0.9,10.1,2022-23
205.0,David Roddy,MEM,70.0,18.0,6.7,2.6,6.0,42.9,0.9,3.0,30.7,0.6,0.9,63.1,0.7,2.0,2.8,0.8,0.4,0.3,0.8,6.4,2022-23
206.0,Drew Eubanks,POR,78.0,20.3,6.6,2.7,4.3,64.1,0.1,0.2,38.9,1.1,1.6,66.4,1.7,3.7,5.4,1.3,0.5,1.3,0.9,12.2,2022-23
207.0,Jock Landale,PHX,69.0,14.2,6.6,2.6,4.9,52.8,0.3,1.2,25.0,1.1,1.5,75.2,1.7,2.3,4.1,1.0,0.2,0.4,0.9,8.8,2022-23
208.0,Kevin Knox II,POR,63.0,15.1,6.6,2.4,5.3,45.8,1.0,3.0,34.9,0.7,1.0,76.7,0.5,2.3,2.8,0.5,0.4,0.2,0.8,6.6,2022-23
209.0,Jordan Goodwin,WAS,62.0,17.8,6.6,2.5,5.7,44.8,0.6,1.9,32.2,0.9,1.1,76.8,0.9,2.4,3.3,2.7,0.9,0.4,0.9,9.6,2022-23
210.0,Isaac Okoro,CLE,76.0,21.8,6.4,2.3,4.7,49.4,0.8,2.3,36.3,1.0,1.4,75.7,0.7,1.8,2.5,1.1,0.7,0.4,0.6,7.9,2022-23
211.0,Sam Hauser,BOS,80.0,16.1,6.4,2.3,5.0,45.5,1.8,4.2,41.8,0.2,0.2,70.6,0.4,2.1,2.6,0.9,0.4,0.3,0.4,7.3,2022-23
212.0,Goran Dragic,MIL,58.0,15.0,6.3,2.4,5.8,42.1,0.9,2.5,35.9,0.5,0.8,68.9,0.3,1.1,1.4,2.6,0.2,0.1,1.1,5.9,2022-23
213.0,Patrick Beverley,CHI,67.0,27.1,6.2,2.1,5.4,40.0,1.2,3.6,33.5,0.7,1.0,72.3,0.7,3.0,3.7,2.9,0.9,0.6,0.9,9.9,2022-23
214.0,Nickeil Alexander-Walker,MIN,59.0,15.0,6.2,2.2,5.0,44.4,1.0,2.7,38.4,0.7,1.0,66.7,0.3,1.5,1.7,1.8,0.5,0.4,0.9,6.5,2022-23
215.0,Nicolas Batum,LAC,78.0,21.9,6.1,2.1,4.9,42.0,1.6,4.1,39.1,0.4,0.6,70.8,0.8,3.0,3.8,1.6,0.7,0.6,0.6,9.1,2022-23
216.0,Oshae Brissett,IND,65.0,16.7,6.1,1.9,4.9,38.6,0.7,2.4,31.0,1.6,2.2,71.7,1.0,2.4,3.4,0.7,0.5,0.2,0.5,6.7,2022-23
217.0,Mike Muscala,BOS,63.0,15.0,6.1,2.1,4.6,44.9,1.3,3.3,39.1,0.6,0.8,76.9,0.6,2.6,3.2,0.8,0.2,0.4,0.4,7.6,2022-23
218.0,Andre Drummond,CHI,67.0,12.7,6.0,2.5,4.1,60.6,0.0,0.0,0.0,1.0,1.9,53.6,2.1,4.6,6.6,0.5,0.7,0.4,1.1,10.6,2022-23
219.0,Josh Christopher,HOU,64.0,12.3,5.8,2.4,5.1,46.5,0.3,1.4,23.6,0.7,0.9,75.0,0.3,0.8,1.1,1.1,0.5,0.2,0.9,4.9,2022-23
220.0,Jalen Johnson,ATL,70.0,14.9,5.6,2.3,4.6,49.1,0.4,1.5,28.8,0.7,1.1,62.8,0.7,3.3,4.0,1.2,0.5,0.5,0.6,8.5,2022-23
221.0,Davion Mitchell,SAC,80.0,18.1,5.6,2.3,5.0,45.4,0.8,2.5,32.0,0.3,0.4,80.6,0.2,1.1,1.3,2.3,0.6,0.2,0.8,6.4,2022-23
222.0,Alex Caruso,CHI,67.0,23.5,5.6,1.9,4.3,45.5,0.8,2.3,36.4,0.9,1.1,80.8,0.6,2.3,2.9,2.9,1.5,0.7,1.1,9.9,2022-23
223.0,Yuta Watanabe,BKN,58.0,16.0,5.6,2.0,4.0,49.1,1.0,2.3,44.4,0.6,0.8,72.3,0.5,1.9,2.4,0.8,0.4,0.3,0.4,6.9,2022-23
224.0,Wenyen Gabriel,LAL,68.0,15.1,5.5,2.3,3.8,59.6,0.1,0.5,27.8,0.8,1.2,61.9,1.7,2.5,4.2,0.5,0.4,0.5,0.7,8.4,2022-23
225.0,Lamar Stevens,CLE,62.0,18.1,5.3,2.1,4.6,44.8,0.5,1.5,31.6,0.6,0.9,70.2,0.8,2.6,3.3,0.5,0.4,0.3,0.4,6.6,2022-23
226.0,John Konchar,MEM,72.0,20.8,5.1,1.9,4.4,43.1,0.8,2.5,33.9,0.4,0.5,77.8,0.9,3.4,4.3,1.4,1.1,0.3,0.5,9.0,2022-23
227.0,Derrick Jones Jr.,CHI,64.0,14.0,5.0,1.8,3.6,50.0,0.4,1.3,33.8,1.0,1.3,73.8,0.9,1.5,2.4,0.5,0.5,0.6,0.4,6.4,2022-23
228.0,Isaiah Hartenstein,NYK,82.0,19.9,5.0,2.1,4.0,53.5,0.1,0.5,21.6,0.6,0.9,67.6,2.5,4.0,6.5,1.2,0.6,0.8,0.8,11.2,2022-23
229.0,Vlatko Cancar,DEN,60.0,14.8,5.0,1.8,3.8,47.6,0.7,1.9,37.4,0.6,0.7,92.7,0.4,1.7,2.1,1.3,0.4,0.2,0.6,6.4,2022-23
230.0,Chimezie Metu,SAC,66.0,10.4,4.9,2.0,3.3,58.9,0.1,0.6,23.7,0.8,1.1,74.0,0.7,2.3,3.0,0.6,0.3,0.3,0.5,7.0,2022-23
231.0,Moses Moody,GSW,63.0,13.0,4.8,1.7,3.6,47.6,0.8,2.1,36.3,0.6,0.8,69.8,0.4,1.2,1.7,0.8,0.3,0.1,0.5,5.0,2022-23
232.0,Christian Braun,DEN,76.0,15.5,4.7,1.9,3.8,49.5,0.4,1.3,35.4,0.5,0.8,62.5,0.6,1.8,2.4,0.8,0.5,0.2,0.5,6.0,2022-23
233.0,Bismack Biyombo,PHX,61.0,14.3,4.3,2.0,3.4,57.8,0.0,0.0,0.0,0.4,1.1,35.7,1.5,2.8,4.3,0.9,0.3,1.4,0.8,8.2,2022-23
234.0,Ish Wainright,PHX,60.0,15.3,4.2,1.4,3.8,37.0,1.0,2.9,32.9,0.4,0.5,83.9,0.8,1.6,2.3,0.9,0.6,0.4,0.4,5.6,2022-23
235.0,Paul Reed,PHI,69.0,10.9,4.2,1.8,3.0,59.3,0.0,0.1,16.7,0.6,0.7,74.5,1.6,2.2,3.8,0.4,0.7,0.7,0.7,7.7,2022-23
236.0,Matisse Thybulle,POR,71.0,16.9,4.1,1.5,3.6,43.5,0.8,2.1,36.5,0.3,0.4,67.9,0.6,1.4,2.0,0.7,1.2,0.5,0.3,6.0,2022-23
237.0,Aaron Holiday,ATL,63.0,13.4,3.9,1.5,3.5,41.8,0.6,1.4,40.9,0.4,0.5,84.4,0.4,0.8,1.2,1.4,0.6,0.2,0.6,4.6,2022-23
238.0,Dyson Daniels,NOP,59.0,17.7,3.8,1.5,3.5,41.8,0.5,1.5,31.4,0.4,0.7,65.0,0.6,2.6,3.2,2.3,0.7,0.2,1.0,7.0,2022-23
239.0,JT Thor,CHA,69.0,14.0,3.8,1.4,3.4,39.9,0.6,1.8,31.7,0.5,0.7,70.2,0.5,1.7,2.2,0.5,0.3,0.3,0.6,4.3,2022-23
240.0,Luke Kornet,BOS,69.0,11.7,3.8,1.6,2.5,66.5,0.0,0.2,23.1,0.5,0.6,82.1,1.2,1.6,2.9,0.8,0.2,0.7,0.4,6.9,2022-23
241.0,P.J. Tucker,PHI,75.0,25.6,3.5,1.3,3.0,42.7,0.7,1.9,39.3,0.3,0.3,82.6,1.3,2.7,3.9,0.8,0.5,0.2,0.6,6.6,2022-23
242.0,Miles McBride,NYK,64.0,11.9,3.5,1.2,3.4,35.8,0.6,2.1,29.9,0.4,0.7,66.7,0.2,0.6,0.8,1.1,0.6,0.1,0.4,3.3,2022-23
243.0,Anthony Gill,WAS,59.0,10.6,3.3,1.2,2.2,53.8,0.1,0.5,13.8,0.8,1.1,73.1,0.6,1.1,1.7,0.6,0.1,0.2,0.3,4.3,2022-23
244.0,Christian Koloko,TOR,58.0,13.8,3.1,1.2,2.6,48.0,0.0,0.2,8.3,0.6,1.0,62.7,1.4,1.5,2.9,0.5,0.4,1.0,0.3,5.9,2022-23
245.0,Usman Garuba,HOU,75.0,12.9,3.0,1.1,2.4,48.6,0.3,0.8,40.7,0.4,0.6,61.7,1.6,2.5,4.1,0.9,0.6,0.4,0.6,6.8,2022-23
